fold,set,accuracy,f1,tpr,tnr,gmean,batch_size,learning_rate,preprocessed_dir
1,VALIDATION,0.5217391304347826,0.6666666666666666,1.0,0.08333333333333333,0.28867513459481287,2,1e-05,resize_smaller_hu_m300_1400_separadas
1,TEST,0.5384615384615384,0.6666666666666666,1.0,0.14285714285714285,0.3779644730092272,2,1e-05,resize_smaller_hu_m300_1400_separadas
2,VALIDATION,0.5217391304347826,0.26666666666666666,0.18181818181818182,0.8333333333333334,0.3892494720807615,2,1e-05,resize_smaller_hu_m300_1400_separadas
2,TEST,0.5384615384615384,0.25,0.16666666666666666,0.8571428571428571,0.3779644730092272,2,1e-05,resize_smaller_hu_m300_1400_separadas
3,VALIDATION,0.5217391304347826,0.47619047619047616,0.45454545454545453,0.5833333333333334,0.5149286505444373,2,1e-05,resize_smaller_hu_m300_1400_separadas
3,TEST,0.46153846153846156,0.46153846153846156,0.5,0.42857142857142855,0.4629100498862757,2,1e-05,resize_smaller_hu_m300_1400_separadas
4,VALIDATION,0.43478260869565216,0.3157894736842105,0.2727272727272727,0.5833333333333334,0.3988620176087328,2,1e-05,resize_smaller_hu_m300_1400_separadas
4,TEST,0.38461538461538464,0.3333333333333333,0.3333333333333333,0.42857142857142855,0.3779644730092272,2,1e-05,resize_smaller_hu_m300_1400_separadas
5,VALIDATION,0.6086956521739131,0.64,0.7272727272727273,0.5,0.6030226891555273,2,1e-05,resize_smaller_hu_m300_1400_separadas
5,TEST,0.6153846153846154,0.6666666666666666,0.8333333333333334,0.42857142857142855,0.5976143046671968,2,1e-05,resize_smaller_hu_m300_1400_separadas
6,VALIDATION,0.6086956521739131,0.7096774193548387,1.0,0.25,0.5,2,1e-05,resize_smaller_hu_m300_1400_separadas
6,TEST,0.5,0.6666666666666666,1.0,0.0,0.0,2,1e-05,resize_smaller_hu_m300_1400_separadas
7,VALIDATION,0.7391304347826086,0.7,0.6363636363636364,0.8333333333333334,0.7282190812544191,2,1e-05,resize_smaller_hu_m300_1400_separadas
7,TEST,0.3333333333333333,0.3333333333333333,0.3333333333333333,0.3333333333333333,0.3333333333333333,2,1e-05,resize_smaller_hu_m300_1400_separadas
8,VALIDATION,0.5217391304347826,0.47619047619047616,0.45454545454545453,0.5833333333333334,0.5149286505444373,2,1e-05,resize_smaller_hu_m300_1400_separadas
8,TEST,0.5,0.5,0.5,0.5,0.5,2,1e-05,resize_smaller_hu_m300_1400_separadas
9,VALIDATION,0.4782608695652174,0.45454545454545453,0.45454545454545453,0.5,0.4767312946227962,2,1e-05,resize_smaller_hu_m300_1400_separadas
9,TEST,0.6666666666666666,0.6666666666666666,0.6666666666666666,0.6666666666666666,0.6666666666666666,2,1e-05,resize_smaller_hu_m300_1400_separadas
10,VALIDATION,0.5652173913043478,0.5833333333333334,0.6363636363636364,0.5,0.5640760748177662,2,1e-05,resize_smaller_hu_m300_1400_separadas
10,TEST,0.6666666666666666,0.3333333333333333,0.2,1.0,0.4472135954999579,2,1e-05,resize_smaller_hu_m300_1400_separadas
MEAN,VALIDATION,0.5521739130434782,0.5289059966632121,0.5818181818181818,0.525,0.49786930652236905,2,1e-05,resize_smaller_hu_m300_1400_separadas
MEAN,TEST,0.5205128205128206,0.48782051282051275,0.5533333333333335,0.47857142857142854,0.4141631369081112,2,1e-05,resize_smaller_hu_m300_1400_separadas
1,VALIDATION,0.5652173913043478,0.6428571428571429,0.8181818181818182,0.3333333333333333,0.5222329678670935,2,0.0001,resize_smaller_hu_m300_1400_separadas
1,TEST,0.46153846153846156,0.5882352941176471,0.8333333333333334,0.14285714285714285,0.3450327796711771,2,0.0001,resize_smaller_hu_m300_1400_separadas
2,VALIDATION,0.6086956521739131,0.6666666666666666,0.8181818181818182,0.4166666666666667,0.5838742081211422,2,0.0001,resize_smaller_hu_m300_1400_separadas
2,TEST,0.5384615384615384,0.5714285714285714,0.6666666666666666,0.42857142857142855,0.5345224838248488,2,0.0001,resize_smaller_hu_m300_1400_separadas
3,VALIDATION,0.5217391304347826,0.42105263157894735,0.36363636363636365,0.6666666666666666,0.49236596391733095,2,0.0001,resize_smaller_hu_m300_1400_separadas
3,TEST,0.38461538461538464,0.42857142857142855,0.5,0.2857142857142857,0.3779644730092272,2,0.0001,resize_smaller_hu_m300_1400_separadas
4,VALIDATION,0.4782608695652174,0.4,0.36363636363636365,0.5833333333333334,0.4605661864718383,2,0.0001,resize_smaller_hu_m300_1400_separadas
4,TEST,0.6153846153846154,0.4444444444444444,0.3333333333333333,0.8571428571428571,0.5345224838248488,2,0.0001,resize_smaller_hu_m300_1400_separadas
5,VALIDATION,0.5652173913043478,0.6153846153846154,0.7272727272727273,0.4166666666666667,0.5504818825631803,2,0.0001,resize_smaller_hu_m300_1400_separadas
5,TEST,0.5384615384615384,0.625,0.8333333333333334,0.2857142857142857,0.4879500364742666,2,0.0001,resize_smaller_hu_m300_1400_separadas
6,VALIDATION,0.5652173913043478,0.5454545454545454,0.5454545454545454,0.5833333333333334,0.5640760748177662,2,0.0001,resize_smaller_hu_m300_1400_separadas
6,TEST,0.5833333333333334,0.6666666666666666,0.8333333333333334,0.3333333333333333,0.5270462766947299,2,0.0001,resize_smaller_hu_m300_1400_separadas
7,VALIDATION,0.5217391304347826,0.5217391304347826,0.5454545454545454,0.5,0.5222329678670935,2,0.0001,resize_smaller_hu_m300_1400_separadas
7,TEST,0.4166666666666667,0.36363636363636365,0.3333333333333333,0.5,0.408248290463863,2,0.0001,resize_smaller_hu_m300_1400_separadas
8,VALIDATION,0.5652173913043478,0.6428571428571429,0.8181818181818182,0.3333333333333333,0.5222329678670935,2,0.0001,resize_smaller_hu_m300_1400_separadas
8,TEST,0.5,0.6666666666666666,1.0,0.0,0.0,2,0.0001,resize_smaller_hu_m300_1400_separadas
9,VALIDATION,0.4782608695652174,0.5,0.5454545454545454,0.4166666666666667,0.4767312946227962,2,0.0001,resize_smaller_hu_m300_1400_separadas
9,TEST,0.6666666666666666,0.7142857142857143,0.8333333333333334,0.5,0.6454972243679028,2,0.0001,resize_smaller_hu_m300_1400_separadas
10,VALIDATION,0.5217391304347826,0.56,0.6363636363636364,0.4166666666666667,0.5149286505444373,2,0.0001,resize_smaller_hu_m300_1400_separadas
10,TEST,0.6666666666666666,0.6666666666666666,0.8,0.5714285714285714,0.6761234037828132,2,0.0001,resize_smaller_hu_m300_1400_separadas
MEAN,VALIDATION,0.5391304347826087,0.5516011875233844,0.6181818181818182,0.4666666666666667,0.5209723164659772,2,0.0001,resize_smaller_hu_m300_1400_separadas
MEAN,TEST,0.5371794871794873,0.573560181648417,0.6966666666666665,0.3904761904761904,0.45369074521136776,2,0.0001,resize_smaller_hu_m300_1400_separadas
1,VALIDATION,0.6956521739130435,0.72,0.8181818181818182,0.5833333333333334,0.6908492797077574,2,0.001,resize_smaller_hu_m300_1400_separadas
1,TEST,0.46153846153846156,0.46153846153846156,0.5,0.42857142857142855,0.4629100498862757,2,0.001,resize_smaller_hu_m300_1400_separadas
2,VALIDATION,0.5217391304347826,0.56,0.6363636363636364,0.4166666666666667,0.5149286505444373,2,0.001,resize_smaller_hu_m300_1400_separadas
2,TEST,0.6153846153846154,0.6666666666666666,0.8333333333333334,0.42857142857142855,0.5976143046671968,2,0.001,resize_smaller_hu_m300_1400_separadas
3,VALIDATION,0.6956521739130435,0.6666666666666666,0.6363636363636364,0.75,0.6908492797077574,2,0.001,resize_smaller_hu_m300_1400_separadas
3,TEST,0.38461538461538464,0.2,0.16666666666666666,0.5714285714285714,0.3086066999241838,2,0.001,resize_smaller_hu_m300_1400_separadas
4,VALIDATION,0.6086956521739131,0.7096774193548387,1.0,0.25,0.5,2,0.001,resize_smaller_hu_m300_1400_separadas
4,TEST,0.46153846153846156,0.5333333333333333,0.6666666666666666,0.2857142857142857,0.4364357804719847,2,0.001,resize_smaller_hu_m300_1400_separadas
5,VALIDATION,0.7391304347826086,0.75,0.8181818181818182,0.6666666666666666,0.7385489458759964,2,0.001,resize_smaller_hu_m300_1400_separadas
5,TEST,0.6923076923076923,0.7142857142857143,0.8333333333333334,0.5714285714285714,0.6900655593423543,2,0.001,resize_smaller_hu_m300_1400_separadas
6,VALIDATION,0.5217391304347826,0.5925925925925926,0.7272727272727273,0.3333333333333333,0.49236596391733095,2,0.001,resize_smaller_hu_m300_1400_separadas
6,TEST,0.6666666666666666,0.75,1.0,0.3333333333333333,0.5773502691896257,2,0.001,resize_smaller_hu_m300_1400_separadas
7,VALIDATION,0.6521739130434783,0.6923076923076923,0.8181818181818182,0.5,0.6396021490668313,2,0.001,resize_smaller_hu_m300_1400_separadas
7,TEST,0.3333333333333333,0.5,0.6666666666666666,0.0,0.0,2,0.001,resize_smaller_hu_m300_1400_separadas
8,VALIDATION,0.391304347826087,0.36363636363636365,0.36363636363636365,0.4166666666666667,0.3892494720807615,2,0.001,resize_smaller_hu_m300_1400_separadas
8,TEST,0.08333333333333333,0.0,0.0,0.16666666666666666,0.0,2,0.001,resize_smaller_hu_m300_1400_separadas
9,VALIDATION,0.6521739130434783,0.6,0.5454545454545454,0.75,0.6396021490668313,2,0.001,resize_smaller_hu_m300_1400_separadas
9,TEST,0.8333333333333334,0.8,0.6666666666666666,1.0,0.816496580927726,2,0.001,resize_smaller_hu_m300_1400_separadas
10,VALIDATION,0.6521739130434783,0.5555555555555556,0.45454545454545453,0.8333333333333334,0.6154574548966637,2,0.001,resize_smaller_hu_m300_1400_separadas
10,TEST,0.5833333333333334,0.0,0.0,1.0,0.0,2,0.001,resize_smaller_hu_m300_1400_separadas
MEAN,VALIDATION,0.6130434782608696,0.6210436290113709,0.6818181818181818,0.55,0.5911453344864368,2,0.001,resize_smaller_hu_m300_1400_separadas
MEAN,TEST,0.5115384615384615,0.46258241758241764,0.5333333333333334,0.47857142857142854,0.38894792444093473,2,0.001,resize_smaller_hu_m300_1400_separadas
1,VALIDATION,0.34782608695652173,0.34782608695652173,0.36363636363636365,0.3333333333333333,0.3481553119113957,4,1e-05,resize_smaller_hu_m300_1400_separadas
1,TEST,0.46153846153846156,0.46153846153846156,0.5,0.42857142857142855,0.4629100498862757,4,1e-05,resize_smaller_hu_m300_1400_separadas
2,VALIDATION,0.5217391304347826,0.6666666666666666,1.0,0.08333333333333333,0.28867513459481287,4,1e-05,resize_smaller_hu_m300_1400_separadas
2,TEST,0.46153846153846156,0.5882352941176471,0.8333333333333334,0.14285714285714285,0.3450327796711771,4,1e-05,resize_smaller_hu_m300_1400_separadas
3,VALIDATION,0.5217391304347826,0.5217391304347826,0.5454545454545454,0.5,0.5222329678670935,4,1e-05,resize_smaller_hu_m300_1400_separadas
3,TEST,0.6153846153846154,0.7058823529411765,1.0,0.2857142857142857,0.5345224838248488,4,1e-05,resize_smaller_hu_m300_1400_separadas
4,VALIDATION,0.5217391304347826,0.42105263157894735,0.36363636363636365,0.6666666666666666,0.49236596391733095,4,1e-05,resize_smaller_hu_m300_1400_separadas
4,TEST,0.6153846153846154,0.4444444444444444,0.3333333333333333,0.8571428571428571,0.5345224838248488,4,1e-05,resize_smaller_hu_m300_1400_separadas
5,VALIDATION,0.4782608695652174,0.6470588235294118,1.0,0.0,0.0,4,1e-05,resize_smaller_hu_m300_1400_separadas
5,TEST,0.46153846153846156,0.631578947368421,1.0,0.0,0.0,4,1e-05,resize_smaller_hu_m300_1400_separadas
6,VALIDATION,0.4782608695652174,0.6470588235294118,1.0,0.0,0.0,4,1e-05,resize_smaller_hu_m300_1400_separadas
6,TEST,0.5,0.6666666666666666,1.0,0.0,0.0,4,1e-05,resize_smaller_hu_m300_1400_separadas
7,VALIDATION,0.5652173913043478,0.2857142857142857,0.18181818181818182,0.9166666666666666,0.408248290463863,4,1e-05,resize_smaller_hu_m300_1400_separadas
7,TEST,0.25,0.0,0.0,0.5,0.0,4,1e-05,resize_smaller_hu_m300_1400_separadas
8,VALIDATION,0.5217391304347826,0.5925925925925926,0.7272727272727273,0.3333333333333333,0.49236596391733095,4,1e-05,resize_smaller_hu_m300_1400_separadas
8,TEST,0.4166666666666667,0.5882352941176471,0.8333333333333334,0.0,0.0,4,1e-05,resize_smaller_hu_m300_1400_separadas
9,VALIDATION,0.4782608695652174,0.6470588235294118,1.0,0.0,0.0,4,1e-05,resize_smaller_hu_m300_1400_separadas
9,TEST,0.5,0.6666666666666666,1.0,0.0,0.0,4,1e-05,resize_smaller_hu_m300_1400_separadas
10,VALIDATION,0.6086956521739131,0.6896551724137931,0.9090909090909091,0.3333333333333333,0.5504818825631803,4,1e-05,resize_smaller_hu_m300_1400_separadas
10,TEST,0.75,0.7692307692307693,1.0,0.5714285714285714,0.7559289460184544,4,1e-05,resize_smaller_hu_m300_1400_separadas
MEAN,VALIDATION,0.5043478260869565,0.5466423036945824,0.7090909090909091,0.31666666666666665,0.31025255152350073,4,1e-05,resize_smaller_hu_m300_1400_separadas
MEAN,TEST,0.5032051282051283,0.55224788970919,0.75,0.2785714285714286,0.2632916743225605,4,1e-05,resize_smaller_hu_m300_1400_separadas
1,VALIDATION,0.6956521739130435,0.72,0.8181818181818182,0.5833333333333334,0.6908492797077574,4,0.0001,resize_smaller_hu_m300_1400_separadas
1,TEST,0.46153846153846156,0.46153846153846156,0.5,0.42857142857142855,0.4629100498862757,4,0.0001,resize_smaller_hu_m300_1400_separadas
2,VALIDATION,0.5652173913043478,0.5833333333333334,0.6363636363636364,0.5,0.5640760748177662,4,0.0001,resize_smaller_hu_m300_1400_separadas
2,TEST,0.6153846153846154,0.5454545454545454,0.5,0.7142857142857143,0.5976143046671968,4,0.0001,resize_smaller_hu_m300_1400_separadas
3,VALIDATION,0.4782608695652174,0.6470588235294118,1.0,0.0,0.0,4,0.0001,resize_smaller_hu_m300_1400_separadas
3,TEST,0.46153846153846156,0.631578947368421,1.0,0.0,0.0,4,0.0001,resize_smaller_hu_m300_1400_separadas
4,VALIDATION,0.391304347826087,0.4166666666666667,0.45454545454545453,0.3333333333333333,0.38924947208076144,4,0.0001,resize_smaller_hu_m300_1400_separadas
4,TEST,0.5384615384615384,0.5,0.5,0.5714285714285714,0.5345224838248488,4,0.0001,resize_smaller_hu_m300_1400_separadas
5,VALIDATION,0.4782608695652174,0.6470588235294118,1.0,0.0,0.0,4,0.0001,resize_smaller_hu_m300_1400_separadas
5,TEST,0.46153846153846156,0.631578947368421,1.0,0.0,0.0,4,0.0001,resize_smaller_hu_m300_1400_separadas
6,VALIDATION,0.6086956521739131,0.7096774193548387,1.0,0.25,0.5,4,0.0001,resize_smaller_hu_m300_1400_separadas
6,TEST,0.4166666666666667,0.5882352941176471,0.8333333333333334,0.0,0.0,4,0.0001,resize_smaller_hu_m300_1400_separadas
7,VALIDATION,0.391304347826087,0.46153846153846156,0.5454545454545454,0.25,0.3692744729379982,4,0.0001,resize_smaller_hu_m300_1400_separadas
7,TEST,0.5833333333333334,0.6153846153846154,0.6666666666666666,0.5,0.5773502691896257,4,0.0001,resize_smaller_hu_m300_1400_separadas
8,VALIDATION,0.5652173913043478,0.6428571428571429,0.8181818181818182,0.3333333333333333,0.5222329678670935,4,0.0001,resize_smaller_hu_m300_1400_separadas
8,TEST,0.4166666666666667,0.5882352941176471,0.8333333333333334,0.0,0.0,4,0.0001,resize_smaller_hu_m300_1400_separadas
9,VALIDATION,0.5217391304347826,0.5217391304347826,0.5454545454545454,0.5,0.5222329678670935,4,0.0001,resize_smaller_hu_m300_1400_separadas
9,TEST,0.8333333333333334,0.8333333333333334,0.8333333333333334,0.8333333333333334,0.8333333333333334,4,0.0001,resize_smaller_hu_m300_1400_separadas
10,VALIDATION,0.4782608695652174,0.5,0.5454545454545454,0.4166666666666667,0.4767312946227962,4,0.0001,resize_smaller_hu_m300_1400_separadas
10,TEST,0.6666666666666666,0.6666666666666666,0.8,0.5714285714285714,0.6761234037828132,4,0.0001,resize_smaller_hu_m300_1400_separadas
MEAN,VALIDATION,0.5173913043478261,0.5849929801244049,0.7363636363636363,0.31666666666666665,0.4034646529901266,4,0.0001,resize_smaller_hu_m300_1400_separadas
MEAN,TEST,0.5455128205128206,0.6062006105349759,0.7466666666666667,0.36190476190476195,0.36818538446840937,4,0.0001,resize_smaller_hu_m300_1400_separadas
1,VALIDATION,0.7391304347826086,0.7692307692307693,0.9090909090909091,0.5833333333333334,0.7282190812544191,4,0.001,resize_smaller_hu_m300_1400_separadas
1,TEST,0.46153846153846156,0.46153846153846156,0.5,0.42857142857142855,0.4629100498862757,4,0.001,resize_smaller_hu_m300_1400_separadas
2,VALIDATION,0.6521739130434783,0.6666666666666666,0.7272727272727273,0.5833333333333334,0.6513389472789296,4,0.001,resize_smaller_hu_m300_1400_separadas
2,TEST,0.6153846153846154,0.4444444444444444,0.3333333333333333,0.8571428571428571,0.5345224838248488,4,0.001,resize_smaller_hu_m300_1400_separadas
3,VALIDATION,0.6956521739130435,0.6666666666666666,0.6363636363636364,0.75,0.6908492797077574,4,0.001,resize_smaller_hu_m300_1400_separadas
3,TEST,0.38461538461538464,0.2,0.16666666666666666,0.5714285714285714,0.3086066999241838,4,0.001,resize_smaller_hu_m300_1400_separadas
4,VALIDATION,0.5217391304347826,0.56,0.6363636363636364,0.4166666666666667,0.5149286505444373,4,0.001,resize_smaller_hu_m300_1400_separadas
4,TEST,0.5384615384615384,0.5714285714285714,0.6666666666666666,0.42857142857142855,0.5345224838248488,4,0.001,resize_smaller_hu_m300_1400_separadas
5,VALIDATION,0.782608695652174,0.782608695652174,0.8181818181818182,0.75,0.7833494518006403,4,0.001,resize_smaller_hu_m300_1400_separadas
5,TEST,0.6923076923076923,0.7142857142857143,0.8333333333333334,0.5714285714285714,0.6900655593423543,4,0.001,resize_smaller_hu_m300_1400_separadas
6,VALIDATION,0.6956521739130435,0.7586206896551724,1.0,0.4166666666666667,0.6454972243679028,4,0.001,resize_smaller_hu_m300_1400_separadas
6,TEST,0.4166666666666667,0.5882352941176471,0.8333333333333334,0.0,0.0,4,0.001,resize_smaller_hu_m300_1400_separadas
7,VALIDATION,0.5217391304347826,0.5217391304347826,0.5454545454545454,0.5,0.5222329678670935,4,0.001,resize_smaller_hu_m300_1400_separadas
7,TEST,0.5,0.5714285714285714,0.6666666666666666,0.3333333333333333,0.4714045207910317,4,0.001,resize_smaller_hu_m300_1400_separadas
8,VALIDATION,0.6086956521739131,0.5714285714285714,0.5454545454545454,0.6666666666666666,0.6030226891555273,4,0.001,resize_smaller_hu_m300_1400_separadas
8,TEST,0.9166666666666666,0.9230769230769231,1.0,0.8333333333333334,0.9128709291752769,4,0.001,resize_smaller_hu_m300_1400_separadas
9,VALIDATION,0.5217391304347826,0.5217391304347826,0.5454545454545454,0.5,0.5222329678670935,4,0.001,resize_smaller_hu_m300_1400_separadas
9,TEST,0.75,0.7692307692307693,0.8333333333333334,0.6666666666666666,0.7453559924999299,4,0.001,resize_smaller_hu_m300_1400_separadas
10,VALIDATION,0.6521739130434783,0.6666666666666666,0.7272727272727273,0.5833333333333334,0.6513389472789296,4,0.001,resize_smaller_hu_m300_1400_separadas
10,TEST,1.0,1.0,1.0,1.0,1.0,4,0.001,resize_smaller_hu_m300_1400_separadas
MEAN,VALIDATION,0.6391304347826087,0.6485366986836253,0.7090909090909091,0.575,0.6313010207122731,4,0.001,resize_smaller_hu_m300_1400_separadas
MEAN,TEST,0.6275641025641026,0.6243668749551102,0.6833333333333333,0.569047619047619,0.566025871926875,4,0.001,resize_smaller_hu_m300_1400_separadas
1,VALIDATION,0.4782608695652174,0.6470588235294118,1.0,0.0,0.0,8,1e-05,resize_smaller_hu_m300_1400_separadas
1,TEST,0.46153846153846156,0.631578947368421,1.0,0.0,0.0,8,1e-05,resize_smaller_hu_m300_1400_separadas
2,VALIDATION,0.43478260869565216,0.38095238095238093,0.36363636363636365,0.5,0.4264014327112209,8,1e-05,resize_smaller_hu_m300_1400_separadas
2,TEST,0.3076923076923077,0.18181818181818182,0.16666666666666666,0.42857142857142855,0.2672612419124244,8,1e-05,resize_smaller_hu_m300_1400_separadas
3,VALIDATION,0.5652173913043478,0.5833333333333334,0.6363636363636364,0.5,0.5640760748177662,8,1e-05,resize_smaller_hu_m300_1400_separadas
3,TEST,0.38461538461538464,0.42857142857142855,0.5,0.2857142857142857,0.3779644730092272,8,1e-05,resize_smaller_hu_m300_1400_separadas
4,VALIDATION,0.6086956521739131,0.4,0.2727272727272727,0.9166666666666666,0.49999999999999994,8,1e-05,resize_smaller_hu_m300_1400_separadas
4,TEST,0.5384615384615384,0.25,0.16666666666666666,0.8571428571428571,0.3779644730092272,8,1e-05,resize_smaller_hu_m300_1400_separadas
5,VALIDATION,0.5217391304347826,0.26666666666666666,0.18181818181818182,0.8333333333333334,0.3892494720807615,8,1e-05,resize_smaller_hu_m300_1400_separadas
5,TEST,0.6923076923076923,0.6,0.5,0.8571428571428571,0.6546536707079771,8,1e-05,resize_smaller_hu_m300_1400_separadas
6,VALIDATION,0.5217391304347826,0.6666666666666666,1.0,0.08333333333333333,0.28867513459481287,8,1e-05,resize_smaller_hu_m300_1400_separadas
6,TEST,0.5,0.6666666666666666,1.0,0.0,0.0,8,1e-05,resize_smaller_hu_m300_1400_separadas
7,VALIDATION,0.5652173913043478,0.6153846153846154,0.7272727272727273,0.4166666666666667,0.5504818825631803,8,1e-05,resize_smaller_hu_m300_1400_separadas
7,TEST,0.4166666666666667,0.46153846153846156,0.5,0.3333333333333333,0.408248290463863,8,1e-05,resize_smaller_hu_m300_1400_separadas
8,VALIDATION,0.4782608695652174,0.6470588235294118,1.0,0.0,0.0,8,1e-05,resize_smaller_hu_m300_1400_separadas
8,TEST,0.5,0.6666666666666666,1.0,0.0,0.0,8,1e-05,resize_smaller_hu_m300_1400_separadas
9,VALIDATION,0.43478260869565216,0.38095238095238093,0.36363636363636365,0.5,0.4264014327112209,8,1e-05,resize_smaller_hu_m300_1400_separadas
9,TEST,0.4166666666666667,0.2222222222222222,0.16666666666666666,0.6666666666666666,0.3333333333333333,8,1e-05,resize_smaller_hu_m300_1400_separadas
10,VALIDATION,0.5217391304347826,0.42105263157894735,0.36363636363636365,0.6666666666666666,0.49236596391733095,8,1e-05,resize_smaller_hu_m300_1400_separadas
10,TEST,0.5,0.25,0.2,0.7142857142857143,0.37796447300922725,8,1e-05,resize_smaller_hu_m300_1400_separadas
MEAN,VALIDATION,0.5130434782608695,0.5009126322593815,0.5909090909090908,0.4416666666666667,0.3637651393396294,8,1e-05,resize_smaller_hu_m300_1400_separadas
MEAN,TEST,0.4717948717948718,0.43590625748520484,0.5200000000000001,0.41428571428571426,0.27973899554452797,8,1e-05,resize_smaller_hu_m300_1400_separadas
1,VALIDATION,0.5217391304347826,0.0,0.0,1.0,0.0,8,0.0001,resize_smaller_hu_m300_1400_separadas
1,TEST,0.5384615384615384,0.0,0.0,1.0,0.0,8,0.0001,resize_smaller_hu_m300_1400_separadas
2,VALIDATION,0.6086956521739131,0.6666666666666666,0.8181818181818182,0.4166666666666667,0.5838742081211422,8,0.0001,resize_smaller_hu_m300_1400_separadas
2,TEST,0.6923076923076923,0.7142857142857143,0.8333333333333334,0.5714285714285714,0.6900655593423543,8,0.0001,resize_smaller_hu_m300_1400_separadas
3,VALIDATION,0.4782608695652174,0.6470588235294118,1.0,0.0,0.0,8,0.0001,resize_smaller_hu_m300_1400_separadas
3,TEST,0.46153846153846156,0.631578947368421,1.0,0.0,0.0,8,0.0001,resize_smaller_hu_m300_1400_separadas
4,VALIDATION,0.5652173913043478,0.6428571428571429,0.8181818181818182,0.3333333333333333,0.5222329678670935,8,0.0001,resize_smaller_hu_m300_1400_separadas
4,TEST,0.6153846153846154,0.6666666666666666,0.8333333333333334,0.42857142857142855,0.5976143046671968,8,0.0001,resize_smaller_hu_m300_1400_separadas
5,VALIDATION,0.4782608695652174,0.6470588235294118,1.0,0.0,0.0,8,0.0001,resize_smaller_hu_m300_1400_separadas
5,TEST,0.46153846153846156,0.631578947368421,1.0,0.0,0.0,8,0.0001,resize_smaller_hu_m300_1400_separadas
6,VALIDATION,0.5652173913043478,0.4444444444444444,0.36363636363636365,0.75,0.5222329678670935,8,0.0001,resize_smaller_hu_m300_1400_separadas
6,TEST,0.5,0.5714285714285714,0.6666666666666666,0.3333333333333333,0.4714045207910317,8,0.0001,resize_smaller_hu_m300_1400_separadas
7,VALIDATION,0.4782608695652174,0.6470588235294118,1.0,0.0,0.0,8,0.0001,resize_smaller_hu_m300_1400_separadas
7,TEST,0.5,0.6666666666666666,1.0,0.0,0.0,8,0.0001,resize_smaller_hu_m300_1400_separadas
8,VALIDATION,0.4782608695652174,0.6470588235294118,1.0,0.0,0.0,8,0.0001,resize_smaller_hu_m300_1400_separadas
8,TEST,0.5,0.6666666666666666,1.0,0.0,0.0,8,0.0001,resize_smaller_hu_m300_1400_separadas
9,VALIDATION,0.4782608695652174,0.4,0.36363636363636365,0.5833333333333334,0.4605661864718383,8,0.0001,resize_smaller_hu_m300_1400_separadas
9,TEST,0.75,0.7272727272727273,0.6666666666666666,0.8333333333333334,0.7453559924999299,8,0.0001,resize_smaller_hu_m300_1400_separadas
10,VALIDATION,0.5217391304347826,0.0,0.0,1.0,0.0,8,0.0001,resize_smaller_hu_m300_1400_separadas
10,TEST,0.5833333333333334,0.0,0.0,1.0,0.0,8,0.0001,resize_smaller_hu_m300_1400_separadas
MEAN,VALIDATION,0.5173913043478261,0.4742203548085902,0.6363636363636364,0.4083333333333334,0.20889063303271677,8,0.0001,resize_smaller_hu_m300_1400_separadas
MEAN,TEST,0.5602564102564103,0.5276144907723854,0.7000000000000001,0.4166666666666667,0.25044403773005125,8,0.0001,resize_smaller_hu_m300_1400_separadas
1,VALIDATION,0.6086956521739131,0.6896551724137931,0.9090909090909091,0.3333333333333333,0.5504818825631803,8,0.001,resize_smaller_hu_m300_1400_separadas
1,TEST,0.5384615384615384,0.5714285714285714,0.6666666666666666,0.42857142857142855,0.5345224838248488,8,0.001,resize_smaller_hu_m300_1400_separadas
2,VALIDATION,0.5652173913043478,0.6153846153846154,0.7272727272727273,0.4166666666666667,0.5504818825631803,8,0.001,resize_smaller_hu_m300_1400_separadas
2,TEST,0.6153846153846154,0.4444444444444444,0.3333333333333333,0.8571428571428571,0.5345224838248488,8,0.001,resize_smaller_hu_m300_1400_separadas
3,VALIDATION,0.7391304347826086,0.7272727272727273,0.7272727272727273,0.75,0.7385489458759964,8,0.001,resize_smaller_hu_m300_1400_separadas
3,TEST,0.6153846153846154,0.5454545454545454,0.5,0.7142857142857143,0.5976143046671968,8,0.001,resize_smaller_hu_m300_1400_separadas
4,VALIDATION,0.5652173913043478,0.6428571428571429,0.8181818181818182,0.3333333333333333,0.5222329678670935,8,0.001,resize_smaller_hu_m300_1400_separadas
4,TEST,0.6923076923076923,0.75,1.0,0.42857142857142855,0.6546536707079771,8,0.001,resize_smaller_hu_m300_1400_separadas
5,VALIDATION,0.6956521739130435,0.72,0.8181818181818182,0.5833333333333334,0.6908492797077574,8,0.001,resize_smaller_hu_m300_1400_separadas
5,TEST,0.6923076923076923,0.7142857142857143,0.8333333333333334,0.5714285714285714,0.6900655593423543,8,0.001,resize_smaller_hu_m300_1400_separadas
6,VALIDATION,0.6086956521739131,0.6666666666666666,0.8181818181818182,0.4166666666666667,0.5838742081211422,8,0.001,resize_smaller_hu_m300_1400_separadas
6,TEST,0.4166666666666667,0.5882352941176471,0.8333333333333334,0.0,0.0,8,0.001,resize_smaller_hu_m300_1400_separadas
7,VALIDATION,0.5217391304347826,0.6451612903225806,0.9090909090909091,0.16666666666666666,0.38924947208076144,8,0.001,resize_smaller_hu_m300_1400_separadas
7,TEST,0.4166666666666667,0.5882352941176471,0.8333333333333334,0.0,0.0,8,0.001,resize_smaller_hu_m300_1400_separadas
8,VALIDATION,0.6086956521739131,0.5714285714285714,0.5454545454545454,0.6666666666666666,0.6030226891555273,8,0.001,resize_smaller_hu_m300_1400_separadas
8,TEST,0.8333333333333334,0.8571428571428571,1.0,0.6666666666666666,0.816496580927726,8,0.001,resize_smaller_hu_m300_1400_separadas
9,VALIDATION,0.5652173913043478,0.5833333333333334,0.6363636363636364,0.5,0.5640760748177662,8,0.001,resize_smaller_hu_m300_1400_separadas
9,TEST,0.8333333333333334,0.8333333333333334,0.8333333333333334,0.8333333333333334,0.8333333333333334,8,0.001,resize_smaller_hu_m300_1400_separadas
10,VALIDATION,0.5652173913043478,0.5833333333333334,0.6363636363636364,0.5,0.5640760748177662,8,0.001,resize_smaller_hu_m300_1400_separadas
10,TEST,0.9166666666666666,0.9090909090909091,1.0,0.8571428571428571,0.9258200997725514,8,0.001,resize_smaller_hu_m300_1400_separadas
MEAN,VALIDATION,0.6043478260869565,0.6445092853012764,0.7545454545454546,0.4666666666666666,0.5756893477570172,8,0.001,resize_smaller_hu_m300_1400_separadas
MEAN,TEST,0.6570512820512822,0.680165096341567,0.7833333333333333,0.5357142857142857,0.5587028516400837,8,0.001,resize_smaller_hu_m300_1400_separadas
1,VALIDATION,0.5217391304347826,0.0,0.0,1.0,0.0,16,1e-05,resize_smaller_hu_m300_1400_separadas
1,TEST,0.5384615384615384,0.0,0.0,1.0,0.0,16,1e-05,resize_smaller_hu_m300_1400_separadas
2,VALIDATION,0.4782608695652174,0.6470588235294118,1.0,0.0,0.0,16,1e-05,resize_smaller_hu_m300_1400_separadas
2,TEST,0.46153846153846156,0.631578947368421,1.0,0.0,0.0,16,1e-05,resize_smaller_hu_m300_1400_separadas
3,VALIDATION,0.4782608695652174,0.6470588235294118,1.0,0.0,0.0,16,1e-05,resize_smaller_hu_m300_1400_separadas
3,TEST,0.46153846153846156,0.631578947368421,1.0,0.0,0.0,16,1e-05,resize_smaller_hu_m300_1400_separadas
4,VALIDATION,0.391304347826087,0.5333333333333333,0.7272727272727273,0.08333333333333333,0.24618298195866548,16,1e-05,resize_smaller_hu_m300_1400_separadas
4,TEST,0.38461538461538464,0.5,0.6666666666666666,0.14285714285714285,0.3086066999241838,16,1e-05,resize_smaller_hu_m300_1400_separadas
5,VALIDATION,0.34782608695652173,0.11764705882352941,0.09090909090909091,0.5833333333333334,0.23028309323591914,16,1e-05,resize_smaller_hu_m300_1400_separadas
5,TEST,0.3076923076923077,0.18181818181818182,0.16666666666666666,0.42857142857142855,0.2672612419124244,16,1e-05,resize_smaller_hu_m300_1400_separadas
6,VALIDATION,0.5217391304347826,0.0,0.0,1.0,0.0,16,1e-05,resize_smaller_hu_m300_1400_separadas
6,TEST,0.5,0.0,0.0,1.0,0.0,16,1e-05,resize_smaller_hu_m300_1400_separadas
7,VALIDATION,0.5217391304347826,0.6666666666666666,1.0,0.08333333333333333,0.28867513459481287,16,1e-05,resize_smaller_hu_m300_1400_separadas
7,TEST,0.5,0.6666666666666666,1.0,0.0,0.0,16,1e-05,resize_smaller_hu_m300_1400_separadas
8,VALIDATION,0.5652173913043478,0.16666666666666666,0.09090909090909091,1.0,0.30151134457776363,16,1e-05,resize_smaller_hu_m300_1400_separadas
8,TEST,0.5,0.0,0.0,1.0,0.0,16,1e-05,resize_smaller_hu_m300_1400_separadas
9,VALIDATION,0.4782608695652174,0.6470588235294118,1.0,0.0,0.0,16,1e-05,resize_smaller_hu_m300_1400_separadas
9,TEST,0.5,0.6666666666666666,1.0,0.0,0.0,16,1e-05,resize_smaller_hu_m300_1400_separadas
10,VALIDATION,0.4782608695652174,0.6470588235294118,1.0,0.0,0.0,16,1e-05,resize_smaller_hu_m300_1400_separadas
10,TEST,0.4166666666666667,0.5882352941176471,1.0,0.0,0.0,16,1e-05,resize_smaller_hu_m300_1400_separadas
MEAN,VALIDATION,0.47826086956521746,0.4072549019607843,0.5909090909090909,0.375,0.1066652554367161,16,1e-05,resize_smaller_hu_m300_1400_separadas
MEAN,TEST,0.4570512820512821,0.3866544704006004,0.5833333333333333,0.35714285714285715,0.05758679418366082,16,1e-05,resize_smaller_hu_m300_1400_separadas
1,VALIDATION,0.4782608695652174,0.6470588235294118,1.0,0.0,0.0,16,0.0001,resize_smaller_hu_m300_1400_separadas
1,TEST,0.46153846153846156,0.631578947368421,1.0,0.0,0.0,16,0.0001,resize_smaller_hu_m300_1400_separadas
2,VALIDATION,0.5217391304347826,0.0,0.0,1.0,0.0,16,0.0001,resize_smaller_hu_m300_1400_separadas
2,TEST,0.5384615384615384,0.0,0.0,1.0,0.0,16,0.0001,resize_smaller_hu_m300_1400_separadas
3,VALIDATION,0.4782608695652174,0.6470588235294118,1.0,0.0,0.0,16,0.0001,resize_smaller_hu_m300_1400_separadas
3,TEST,0.46153846153846156,0.631578947368421,1.0,0.0,0.0,16,0.0001,resize_smaller_hu_m300_1400_separadas
4,VALIDATION,0.5217391304347826,0.0,0.0,1.0,0.0,16,0.0001,resize_smaller_hu_m300_1400_separadas
4,TEST,0.5384615384615384,0.0,0.0,1.0,0.0,16,0.0001,resize_smaller_hu_m300_1400_separadas
5,VALIDATION,0.4782608695652174,0.6470588235294118,1.0,0.0,0.0,16,0.0001,resize_smaller_hu_m300_1400_separadas
5,TEST,0.46153846153846156,0.631578947368421,1.0,0.0,0.0,16,0.0001,resize_smaller_hu_m300_1400_separadas
6,VALIDATION,0.4782608695652174,0.6470588235294118,1.0,0.0,0.0,16,0.0001,resize_smaller_hu_m300_1400_separadas
6,TEST,0.5,0.6666666666666666,1.0,0.0,0.0,16,0.0001,resize_smaller_hu_m300_1400_separadas
7,VALIDATION,0.4782608695652174,0.6470588235294118,1.0,0.0,0.0,16,0.0001,resize_smaller_hu_m300_1400_separadas
7,TEST,0.5,0.6666666666666666,1.0,0.0,0.0,16,0.0001,resize_smaller_hu_m300_1400_separadas
8,VALIDATION,0.4782608695652174,0.6470588235294118,1.0,0.0,0.0,16,0.0001,resize_smaller_hu_m300_1400_separadas
8,TEST,0.5,0.6666666666666666,1.0,0.0,0.0,16,0.0001,resize_smaller_hu_m300_1400_separadas
9,VALIDATION,0.4782608695652174,0.6470588235294118,1.0,0.0,0.0,16,0.0001,resize_smaller_hu_m300_1400_separadas
9,TEST,0.5,0.6666666666666666,1.0,0.0,0.0,16,0.0001,resize_smaller_hu_m300_1400_separadas
10,VALIDATION,0.4782608695652174,0.6470588235294118,1.0,0.0,0.0,16,0.0001,resize_smaller_hu_m300_1400_separadas
10,TEST,0.4166666666666667,0.5882352941176471,1.0,0.0,0.0,16,0.0001,resize_smaller_hu_m300_1400_separadas
MEAN,VALIDATION,0.48695652173913045,0.5176470588235296,0.8,0.2,0.0,16,0.0001,resize_smaller_hu_m300_1400_separadas
MEAN,TEST,0.48782051282051286,0.5149638802889577,0.8,0.2,0.0,16,0.0001,resize_smaller_hu_m300_1400_separadas
1,VALIDATION,0.5217391304347826,0.6666666666666666,1.0,0.08333333333333333,0.28867513459481287,16,0.001,resize_smaller_hu_m300_1400_separadas
1,TEST,0.5384615384615384,0.6666666666666666,1.0,0.14285714285714285,0.3779644730092272,16,0.001,resize_smaller_hu_m300_1400_separadas
2,VALIDATION,0.5652173913043478,0.6875,1.0,0.16666666666666666,0.408248290463863,16,0.001,resize_smaller_hu_m300_1400_separadas
2,TEST,0.46153846153846156,0.5882352941176471,0.8333333333333334,0.14285714285714285,0.3450327796711771,16,0.001,resize_smaller_hu_m300_1400_separadas
3,VALIDATION,0.6521739130434783,0.7142857142857143,0.9090909090909091,0.4166666666666667,0.6154574548966637,16,0.001,resize_smaller_hu_m300_1400_separadas
3,TEST,0.46153846153846156,0.5333333333333333,0.6666666666666666,0.2857142857142857,0.4364357804719847,16,0.001,resize_smaller_hu_m300_1400_separadas
4,VALIDATION,0.5217391304347826,0.6666666666666666,1.0,0.08333333333333333,0.28867513459481287,16,0.001,resize_smaller_hu_m300_1400_separadas
4,TEST,0.6153846153846154,0.7058823529411765,1.0,0.2857142857142857,0.5345224838248488,16,0.001,resize_smaller_hu_m300_1400_separadas
5,VALIDATION,0.5652173913043478,0.6666666666666666,0.9090909090909091,0.25,0.4767312946227962,16,0.001,resize_smaller_hu_m300_1400_separadas
5,TEST,0.7692307692307693,0.8,1.0,0.5714285714285714,0.7559289460184544,16,0.001,resize_smaller_hu_m300_1400_separadas
6,VALIDATION,0.5652173913043478,0.6875,1.0,0.16666666666666666,0.408248290463863,16,0.001,resize_smaller_hu_m300_1400_separadas
6,TEST,0.5,0.6666666666666666,1.0,0.0,0.0,16,0.001,resize_smaller_hu_m300_1400_separadas
7,VALIDATION,0.5652173913043478,0.6666666666666666,0.9090909090909091,0.25,0.4767312946227962,16,0.001,resize_smaller_hu_m300_1400_separadas
7,TEST,0.3333333333333333,0.5,0.6666666666666666,0.0,0.0,16,0.001,resize_smaller_hu_m300_1400_separadas
8,VALIDATION,0.6086956521739131,0.6896551724137931,0.9090909090909091,0.3333333333333333,0.5504818825631803,16,0.001,resize_smaller_hu_m300_1400_separadas
8,TEST,0.5,0.6666666666666666,1.0,0.0,0.0,16,0.001,resize_smaller_hu_m300_1400_separadas
9,VALIDATION,0.5652173913043478,0.5833333333333334,0.6363636363636364,0.5,0.5640760748177662,16,0.001,resize_smaller_hu_m300_1400_separadas
9,TEST,0.9166666666666666,0.9090909090909091,0.8333333333333334,1.0,0.9128709291752769,16,0.001,resize_smaller_hu_m300_1400_separadas
10,VALIDATION,0.6521739130434783,0.6666666666666666,0.7272727272727273,0.5833333333333334,0.6513389472789296,16,0.001,resize_smaller_hu_m300_1400_separadas
10,TEST,1.0,1.0,1.0,1.0,1.0,16,0.001,resize_smaller_hu_m300_1400_separadas
MEAN,VALIDATION,0.5782608695652174,0.6695607553366173,0.9,0.2833333333333333,0.47286637989194846,16,0.001,resize_smaller_hu_m300_1400_separadas
MEAN,TEST,0.6096153846153846,0.7036541889483066,0.9,0.34285714285714286,0.43627553921709694,16,0.001,resize_smaller_hu_m300_1400_separadas
1,VALIDATION,0.6086956521739131,0.6086956521739131,0.6363636363636364,0.5833333333333334,0.6092717958449424,2,1e-05,resize_smaller_hu_m600_1500_separadas
1,TEST,0.5384615384615384,0.5714285714285714,0.6666666666666666,0.42857142857142855,0.5345224838248488,2,1e-05,resize_smaller_hu_m600_1500_separadas
2,VALIDATION,0.5217391304347826,0.47619047619047616,0.45454545454545453,0.5833333333333334,0.5149286505444373,2,1e-05,resize_smaller_hu_m600_1500_separadas
2,TEST,0.5384615384615384,0.5,0.5,0.5714285714285714,0.5345224838248488,2,1e-05,resize_smaller_hu_m600_1500_separadas
3,VALIDATION,0.5217391304347826,0.42105263157894735,0.36363636363636365,0.6666666666666666,0.49236596391733095,2,1e-05,resize_smaller_hu_m600_1500_separadas
3,TEST,0.3076923076923077,0.3076923076923077,0.3333333333333333,0.2857142857142857,0.3086066999241838,2,1e-05,resize_smaller_hu_m600_1500_separadas
4,VALIDATION,0.34782608695652173,0.4444444444444444,0.5454545454545454,0.16666666666666666,0.30151134457776363,2,1e-05,resize_smaller_hu_m600_1500_separadas
4,TEST,0.5384615384615384,0.5714285714285714,0.6666666666666666,0.42857142857142855,0.5345224838248488,2,1e-05,resize_smaller_hu_m600_1500_separadas
5,VALIDATION,0.5652173913043478,0.4444444444444444,0.36363636363636365,0.75,0.5222329678670935,2,1e-05,resize_smaller_hu_m600_1500_separadas
5,TEST,0.6153846153846154,0.5454545454545454,0.5,0.7142857142857143,0.5976143046671968,2,1e-05,resize_smaller_hu_m600_1500_separadas
6,VALIDATION,0.5652173913043478,0.6875,1.0,0.16666666666666666,0.408248290463863,2,1e-05,resize_smaller_hu_m600_1500_separadas
6,TEST,0.5,0.6666666666666666,1.0,0.0,0.0,2,1e-05,resize_smaller_hu_m600_1500_separadas
7,VALIDATION,0.5217391304347826,0.5217391304347826,0.5454545454545454,0.5,0.5222329678670935,2,1e-05,resize_smaller_hu_m600_1500_separadas
7,TEST,0.6666666666666666,0.7142857142857143,0.8333333333333334,0.5,0.6454972243679028,2,1e-05,resize_smaller_hu_m600_1500_separadas
8,VALIDATION,0.5217391304347826,0.5217391304347826,0.5454545454545454,0.5,0.5222329678670935,2,1e-05,resize_smaller_hu_m600_1500_separadas
8,TEST,0.5,0.5714285714285714,0.6666666666666666,0.3333333333333333,0.4714045207910317,2,1e-05,resize_smaller_hu_m600_1500_separadas
9,VALIDATION,0.5652173913043478,0.6428571428571429,0.8181818181818182,0.3333333333333333,0.5222329678670935,2,1e-05,resize_smaller_hu_m600_1500_separadas
9,TEST,0.5,0.6666666666666666,1.0,0.0,0.0,2,1e-05,resize_smaller_hu_m600_1500_separadas
10,VALIDATION,0.5217391304347826,0.56,0.6363636363636364,0.4166666666666667,0.5149286505444373,2,1e-05,resize_smaller_hu_m600_1500_separadas
10,TEST,0.6666666666666666,0.6666666666666666,0.8,0.5714285714285714,0.6761234037828132,2,1e-05,resize_smaller_hu_m600_1500_separadas
MEAN,VALIDATION,0.5260869565217391,0.5328663052558934,0.590909090909091,0.4666666666666667,0.4930186567361149,2,1e-05,resize_smaller_hu_m600_1500_separadas
MEAN,TEST,0.5371794871794872,0.5781718281718282,0.6966666666666665,0.3833333333333333,0.4302813605007675,2,1e-05,resize_smaller_hu_m600_1500_separadas
1,VALIDATION,0.6521739130434783,0.6923076923076923,0.8181818181818182,0.5,0.6396021490668313,2,0.0001,resize_smaller_hu_m600_1500_separadas
1,TEST,0.6153846153846154,0.6666666666666666,0.8333333333333334,0.42857142857142855,0.5976143046671968,2,0.0001,resize_smaller_hu_m600_1500_separadas
2,VALIDATION,0.6086956521739131,0.7096774193548387,1.0,0.25,0.5,2,0.0001,resize_smaller_hu_m600_1500_separadas
2,TEST,0.6153846153846154,0.6666666666666666,0.8333333333333334,0.42857142857142855,0.5976143046671968,2,0.0001,resize_smaller_hu_m600_1500_separadas
3,VALIDATION,0.4782608695652174,0.4,0.36363636363636365,0.5833333333333334,0.4605661864718383,2,0.0001,resize_smaller_hu_m600_1500_separadas
3,TEST,0.38461538461538464,0.3333333333333333,0.3333333333333333,0.42857142857142855,0.3779644730092272,2,0.0001,resize_smaller_hu_m600_1500_separadas
4,VALIDATION,0.4782608695652174,0.5714285714285714,0.7272727272727273,0.25,0.4264014327112209,2,0.0001,resize_smaller_hu_m600_1500_separadas
4,TEST,0.5384615384615384,0.5714285714285714,0.6666666666666666,0.42857142857142855,0.5345224838248488,2,0.0001,resize_smaller_hu_m600_1500_separadas
5,VALIDATION,0.5652173913043478,0.5833333333333334,0.6363636363636364,0.5,0.5640760748177662,2,0.0001,resize_smaller_hu_m600_1500_separadas
5,TEST,0.6153846153846154,0.6666666666666666,0.8333333333333334,0.42857142857142855,0.5976143046671968,2,0.0001,resize_smaller_hu_m600_1500_separadas
6,VALIDATION,0.5652173913043478,0.5833333333333334,0.6363636363636364,0.5,0.5640760748177662,2,0.0001,resize_smaller_hu_m600_1500_separadas
6,TEST,0.5833333333333334,0.7058823529411765,1.0,0.16666666666666666,0.408248290463863,2,0.0001,resize_smaller_hu_m600_1500_separadas
7,VALIDATION,0.4782608695652174,0.45454545454545453,0.45454545454545453,0.5,0.4767312946227962,2,0.0001,resize_smaller_hu_m600_1500_separadas
7,TEST,0.5,0.4,0.3333333333333333,0.6666666666666666,0.4714045207910317,2,0.0001,resize_smaller_hu_m600_1500_separadas
8,VALIDATION,0.5217391304347826,0.5217391304347826,0.5454545454545454,0.5,0.5222329678670935,2,0.0001,resize_smaller_hu_m600_1500_separadas
8,TEST,0.5,0.5714285714285714,0.6666666666666666,0.3333333333333333,0.4714045207910317,2,0.0001,resize_smaller_hu_m600_1500_separadas
9,VALIDATION,0.6086956521739131,0.6896551724137931,0.9090909090909091,0.3333333333333333,0.5504818825631803,2,0.0001,resize_smaller_hu_m600_1500_separadas
9,TEST,0.5,0.6666666666666666,1.0,0.0,0.0,2,0.0001,resize_smaller_hu_m600_1500_separadas
10,VALIDATION,0.5652173913043478,0.6153846153846154,0.7272727272727273,0.4166666666666667,0.5504818825631803,2,0.0001,resize_smaller_hu_m600_1500_separadas
10,TEST,0.75,0.7692307692307693,1.0,0.5714285714285714,0.7559289460184544,2,0.0001,resize_smaller_hu_m600_1500_separadas
MEAN,VALIDATION,0.5521739130434782,0.5821404722536414,0.6818181818181819,0.4333333333333334,0.5254649945501674,2,0.0001,resize_smaller_hu_m600_1500_separadas
MEAN,TEST,0.5602564102564103,0.6017970265029089,0.75,0.38809523809523805,0.48123161489000477,2,0.0001,resize_smaller_hu_m600_1500_separadas
1,VALIDATION,0.6086956521739131,0.6086956521739131,0.6363636363636364,0.5833333333333334,0.6092717958449424,2,0.001,resize_smaller_hu_m600_1500_separadas
1,TEST,0.5384615384615384,0.5,0.5,0.5714285714285714,0.5345224838248488,2,0.001,resize_smaller_hu_m600_1500_separadas
2,VALIDATION,0.6086956521739131,0.6086956521739131,0.6363636363636364,0.5833333333333334,0.6092717958449424,2,0.001,resize_smaller_hu_m600_1500_separadas
2,TEST,0.5384615384615384,0.4,0.3333333333333333,0.7142857142857143,0.4879500364742666,2,0.001,resize_smaller_hu_m600_1500_separadas
3,VALIDATION,0.43478260869565216,0.5185185185185185,0.6363636363636364,0.25,0.3988620176087328,2,0.001,resize_smaller_hu_m600_1500_separadas
3,TEST,0.38461538461538464,0.42857142857142855,0.5,0.2857142857142857,0.3779644730092272,2,0.001,resize_smaller_hu_m600_1500_separadas
4,VALIDATION,0.5652173913043478,0.5,0.45454545454545453,0.6666666666666666,0.5504818825631803,2,0.001,resize_smaller_hu_m600_1500_separadas
4,TEST,0.5384615384615384,0.4,0.3333333333333333,0.7142857142857143,0.4879500364742666,2,0.001,resize_smaller_hu_m600_1500_separadas
5,VALIDATION,0.6086956521739131,0.6086956521739131,0.6363636363636364,0.5833333333333334,0.6092717958449424,2,0.001,resize_smaller_hu_m600_1500_separadas
5,TEST,0.6923076923076923,0.7142857142857143,0.8333333333333334,0.5714285714285714,0.6900655593423543,2,0.001,resize_smaller_hu_m600_1500_separadas
6,VALIDATION,0.5652173913043478,0.375,0.2727272727272727,0.8333333333333334,0.4767312946227962,2,0.001,resize_smaller_hu_m600_1500_separadas
6,TEST,0.5833333333333334,0.6153846153846154,0.6666666666666666,0.5,0.5773502691896257,2,0.001,resize_smaller_hu_m600_1500_separadas
7,VALIDATION,0.5217391304347826,0.5925925925925926,0.7272727272727273,0.3333333333333333,0.49236596391733095,2,0.001,resize_smaller_hu_m600_1500_separadas
7,TEST,0.5,0.6666666666666666,1.0,0.0,0.0,2,0.001,resize_smaller_hu_m600_1500_separadas
8,VALIDATION,0.43478260869565216,0.48,0.5454545454545454,0.3333333333333333,0.42640143271122083,2,0.001,resize_smaller_hu_m600_1500_separadas
8,TEST,0.16666666666666666,0.16666666666666666,0.16666666666666666,0.16666666666666666,0.16666666666666666,2,0.001,resize_smaller_hu_m600_1500_separadas
9,VALIDATION,0.5652173913043478,0.5454545454545454,0.5454545454545454,0.5833333333333334,0.5640760748177662,2,0.001,resize_smaller_hu_m600_1500_separadas
9,TEST,0.8333333333333334,0.8333333333333334,0.8333333333333334,0.8333333333333334,0.8333333333333334,2,0.001,resize_smaller_hu_m600_1500_separadas
10,VALIDATION,0.5652173913043478,0.5833333333333334,0.6363636363636364,0.5,0.5640760748177662,2,0.001,resize_smaller_hu_m600_1500_separadas
10,TEST,0.75,0.7692307692307693,1.0,0.5714285714285714,0.7559289460184544,2,0.001,resize_smaller_hu_m600_1500_separadas
MEAN,VALIDATION,0.5478260869565217,0.5420985946420729,0.5727272727272726,0.525,0.530081012859362,2,0.001,resize_smaller_hu_m600_1500_separadas
MEAN,TEST,0.5525641025641026,0.5494139194139194,0.6166666666666667,0.49285714285714277,0.4911731804333043,2,0.001,resize_smaller_hu_m600_1500_separadas
1,VALIDATION,0.4782608695652174,0.6470588235294118,1.0,0.0,0.0,4,1e-05,resize_smaller_hu_m600_1500_separadas
1,TEST,0.46153846153846156,0.631578947368421,1.0,0.0,0.0,4,1e-05,resize_smaller_hu_m600_1500_separadas
2,VALIDATION,0.5217391304347826,0.26666666666666666,0.18181818181818182,0.8333333333333334,0.3892494720807615,4,1e-05,resize_smaller_hu_m600_1500_separadas
2,TEST,0.5384615384615384,0.25,0.16666666666666666,0.8571428571428571,0.3779644730092272,4,1e-05,resize_smaller_hu_m600_1500_separadas
3,VALIDATION,0.4782608695652174,0.5,0.5454545454545454,0.4166666666666667,0.4767312946227962,4,1e-05,resize_smaller_hu_m600_1500_separadas
3,TEST,0.38461538461538464,0.3333333333333333,0.3333333333333333,0.42857142857142855,0.3779644730092272,4,1e-05,resize_smaller_hu_m600_1500_separadas
4,VALIDATION,0.4782608695652174,0.6470588235294118,1.0,0.0,0.0,4,1e-05,resize_smaller_hu_m600_1500_separadas
4,TEST,0.46153846153846156,0.631578947368421,1.0,0.0,0.0,4,1e-05,resize_smaller_hu_m600_1500_separadas
5,VALIDATION,0.4782608695652174,0.6470588235294118,1.0,0.0,0.0,4,1e-05,resize_smaller_hu_m600_1500_separadas
5,TEST,0.46153846153846156,0.631578947368421,1.0,0.0,0.0,4,1e-05,resize_smaller_hu_m600_1500_separadas
6,VALIDATION,0.5217391304347826,0.0,0.0,1.0,0.0,4,1e-05,resize_smaller_hu_m600_1500_separadas
6,TEST,0.5,0.0,0.0,1.0,0.0,4,1e-05,resize_smaller_hu_m600_1500_separadas
7,VALIDATION,0.4782608695652174,0.625,0.9090909090909091,0.08333333333333333,0.27524094128159016,4,1e-05,resize_smaller_hu_m600_1500_separadas
7,TEST,0.4166666666666667,0.5882352941176471,0.8333333333333334,0.0,0.0,4,1e-05,resize_smaller_hu_m600_1500_separadas
8,VALIDATION,0.4782608695652174,0.6470588235294118,1.0,0.0,0.0,4,1e-05,resize_smaller_hu_m600_1500_separadas
8,TEST,0.5,0.6666666666666666,1.0,0.0,0.0,4,1e-05,resize_smaller_hu_m600_1500_separadas
9,VALIDATION,0.391304347826087,0.36363636363636365,0.36363636363636365,0.4166666666666667,0.3892494720807615,4,1e-05,resize_smaller_hu_m600_1500_separadas
9,TEST,0.5833333333333334,0.5454545454545454,0.5,0.6666666666666666,0.5773502691896257,4,1e-05,resize_smaller_hu_m600_1500_separadas
10,VALIDATION,0.43478260869565216,0.38095238095238093,0.36363636363636365,0.5,0.4264014327112209,4,1e-05,resize_smaller_hu_m600_1500_separadas
10,TEST,0.6666666666666666,0.6666666666666666,0.8,0.5714285714285714,0.6761234037828132,4,1e-05,resize_smaller_hu_m600_1500_separadas
MEAN,VALIDATION,0.4739130434782609,0.4724490705373057,0.6363636363636364,0.32499999999999996,0.19568726127771302,4,1e-05,resize_smaller_hu_m600_1500_separadas
MEAN,TEST,0.49743589743589745,0.49450933483441223,0.6633333333333333,0.35238095238095235,0.20094026189908934,4,1e-05,resize_smaller_hu_m600_1500_separadas
1,VALIDATION,0.6086956521739131,0.7096774193548387,1.0,0.25,0.5,4,0.0001,resize_smaller_hu_m600_1500_separadas
1,TEST,0.38461538461538464,0.5555555555555556,0.8333333333333334,0.0,0.0,4,0.0001,resize_smaller_hu_m600_1500_separadas
2,VALIDATION,0.5217391304347826,0.5925925925925926,0.7272727272727273,0.3333333333333333,0.49236596391733095,4,0.0001,resize_smaller_hu_m600_1500_separadas
2,TEST,0.6153846153846154,0.6153846153846154,0.6666666666666666,0.5714285714285714,0.6172133998483676,4,0.0001,resize_smaller_hu_m600_1500_separadas
3,VALIDATION,0.4782608695652174,0.5714285714285714,0.7272727272727273,0.25,0.4264014327112209,4,0.0001,resize_smaller_hu_m600_1500_separadas
3,TEST,0.46153846153846156,0.5882352941176471,0.8333333333333334,0.14285714285714285,0.3450327796711771,4,0.0001,resize_smaller_hu_m600_1500_separadas
4,VALIDATION,0.4782608695652174,0.6470588235294118,1.0,0.0,0.0,4,0.0001,resize_smaller_hu_m600_1500_separadas
4,TEST,0.46153846153846156,0.631578947368421,1.0,0.0,0.0,4,0.0001,resize_smaller_hu_m600_1500_separadas
5,VALIDATION,0.4782608695652174,0.4,0.36363636363636365,0.5833333333333334,0.4605661864718383,4,0.0001,resize_smaller_hu_m600_1500_separadas
5,TEST,0.5384615384615384,0.5,0.5,0.5714285714285714,0.5345224838248488,4,0.0001,resize_smaller_hu_m600_1500_separadas
6,VALIDATION,0.5652173913043478,0.6875,1.0,0.16666666666666666,0.408248290463863,4,0.0001,resize_smaller_hu_m600_1500_separadas
6,TEST,0.5,0.6666666666666666,1.0,0.0,0.0,4,0.0001,resize_smaller_hu_m600_1500_separadas
7,VALIDATION,0.5217391304347826,0.47619047619047616,0.45454545454545453,0.5833333333333334,0.5149286505444373,4,0.0001,resize_smaller_hu_m600_1500_separadas
7,TEST,0.5,0.4,0.3333333333333333,0.6666666666666666,0.4714045207910317,4,0.0001,resize_smaller_hu_m600_1500_separadas
8,VALIDATION,0.5217391304347826,0.5217391304347826,0.5454545454545454,0.5,0.5222329678670935,4,0.0001,resize_smaller_hu_m600_1500_separadas
8,TEST,0.5833333333333334,0.6153846153846154,0.6666666666666666,0.5,0.5773502691896257,4,0.0001,resize_smaller_hu_m600_1500_separadas
9,VALIDATION,0.5217391304347826,0.56,0.6363636363636364,0.4166666666666667,0.5149286505444373,4,0.0001,resize_smaller_hu_m600_1500_separadas
9,TEST,0.5,0.625,0.8333333333333334,0.16666666666666666,0.37267799624996495,4,0.0001,resize_smaller_hu_m600_1500_separadas
10,VALIDATION,0.4782608695652174,0.6470588235294118,1.0,0.0,0.0,4,0.0001,resize_smaller_hu_m600_1500_separadas
10,TEST,0.4166666666666667,0.5882352941176471,1.0,0.0,0.0,4,0.0001,resize_smaller_hu_m600_1500_separadas
MEAN,VALIDATION,0.5173913043478262,0.5813245837060086,0.7454545454545455,0.30833333333333335,0.3839672142520221,4,0.0001,resize_smaller_hu_m600_1500_separadas
MEAN,TEST,0.49615384615384617,0.5786040988595168,0.7666666666666667,0.26190476190476186,0.29182014495750164,4,0.0001,resize_smaller_hu_m600_1500_separadas
1,VALIDATION,0.6521739130434783,0.7142857142857143,0.9090909090909091,0.4166666666666667,0.6154574548966637,4,0.001,resize_smaller_hu_m600_1500_separadas
1,TEST,0.6153846153846154,0.6666666666666666,0.8333333333333334,0.42857142857142855,0.5976143046671968,4,0.001,resize_smaller_hu_m600_1500_separadas
2,VALIDATION,0.5652173913043478,0.6153846153846154,0.7272727272727273,0.4166666666666667,0.5504818825631803,4,0.001,resize_smaller_hu_m600_1500_separadas
2,TEST,0.6153846153846154,0.6153846153846154,0.6666666666666666,0.5714285714285714,0.6172133998483676,4,0.001,resize_smaller_hu_m600_1500_separadas
3,VALIDATION,0.5652173913043478,0.5833333333333334,0.6363636363636364,0.5,0.5640760748177662,4,0.001,resize_smaller_hu_m600_1500_separadas
3,TEST,0.5384615384615384,0.5,0.5,0.5714285714285714,0.5345224838248488,4,0.001,resize_smaller_hu_m600_1500_separadas
4,VALIDATION,0.5217391304347826,0.5925925925925926,0.7272727272727273,0.3333333333333333,0.49236596391733095,4,0.001,resize_smaller_hu_m600_1500_separadas
4,TEST,0.5384615384615384,0.5714285714285714,0.6666666666666666,0.42857142857142855,0.5345224838248488,4,0.001,resize_smaller_hu_m600_1500_separadas
5,VALIDATION,0.6086956521739131,0.6666666666666666,0.8181818181818182,0.4166666666666667,0.5838742081211422,4,0.001,resize_smaller_hu_m600_1500_separadas
5,TEST,0.6923076923076923,0.7142857142857143,0.8333333333333334,0.5714285714285714,0.6900655593423543,4,0.001,resize_smaller_hu_m600_1500_separadas
6,VALIDATION,0.6086956521739131,0.6086956521739131,0.6363636363636364,0.5833333333333334,0.6092717958449424,4,0.001,resize_smaller_hu_m600_1500_separadas
6,TEST,0.5,0.625,0.8333333333333334,0.16666666666666666,0.37267799624996495,4,0.001,resize_smaller_hu_m600_1500_separadas
7,VALIDATION,0.43478260869565216,0.5185185185185185,0.6363636363636364,0.25,0.3988620176087328,4,0.001,resize_smaller_hu_m600_1500_separadas
7,TEST,0.5833333333333334,0.6666666666666666,0.8333333333333334,0.3333333333333333,0.5270462766947299,4,0.001,resize_smaller_hu_m600_1500_separadas
8,VALIDATION,0.5652173913043478,0.5833333333333334,0.6363636363636364,0.5,0.5640760748177662,4,0.001,resize_smaller_hu_m600_1500_separadas
8,TEST,0.5833333333333334,0.6666666666666666,0.8333333333333334,0.3333333333333333,0.5270462766947299,4,0.001,resize_smaller_hu_m600_1500_separadas
9,VALIDATION,0.5217391304347826,0.56,0.6363636363636364,0.4166666666666667,0.5149286505444373,4,0.001,resize_smaller_hu_m600_1500_separadas
9,TEST,0.5833333333333334,0.6666666666666666,0.8333333333333334,0.3333333333333333,0.5270462766947299,4,0.001,resize_smaller_hu_m600_1500_separadas
10,VALIDATION,0.5652173913043478,0.6153846153846154,0.7272727272727273,0.4166666666666667,0.5504818825631803,4,0.001,resize_smaller_hu_m600_1500_separadas
10,TEST,0.75,0.7692307692307693,1.0,0.5714285714285714,0.7559289460184544,4,0.001,resize_smaller_hu_m600_1500_separadas
MEAN,VALIDATION,0.5608695652173913,0.6058195041673302,0.7090909090909092,0.425,0.5443876005695143,4,0.001,resize_smaller_hu_m600_1500_separadas
MEAN,TEST,0.5999999999999999,0.6461996336996336,0.7833333333333333,0.4309523809523809,0.5683684003860225,4,0.001,resize_smaller_hu_m600_1500_separadas
1,VALIDATION,0.4782608695652174,0.6470588235294118,1.0,0.0,0.0,8,1e-05,resize_smaller_hu_m600_1500_separadas
1,TEST,0.46153846153846156,0.631578947368421,1.0,0.0,0.0,8,1e-05,resize_smaller_hu_m600_1500_separadas
2,VALIDATION,0.4782608695652174,0.6470588235294118,1.0,0.0,0.0,8,1e-05,resize_smaller_hu_m600_1500_separadas
2,TEST,0.46153846153846156,0.631578947368421,1.0,0.0,0.0,8,1e-05,resize_smaller_hu_m600_1500_separadas
3,VALIDATION,0.34782608695652173,0.34782608695652173,0.36363636363636365,0.3333333333333333,0.3481553119113957,8,1e-05,resize_smaller_hu_m600_1500_separadas
3,TEST,0.46153846153846156,0.36363636363636365,0.3333333333333333,0.5714285714285714,0.4364357804719847,8,1e-05,resize_smaller_hu_m600_1500_separadas
4,VALIDATION,0.5652173913043478,0.5454545454545454,0.5454545454545454,0.5833333333333334,0.5640760748177662,8,1e-05,resize_smaller_hu_m600_1500_separadas
4,TEST,0.38461538461538464,0.5,0.6666666666666666,0.14285714285714285,0.3086066999241838,8,1e-05,resize_smaller_hu_m600_1500_separadas
5,VALIDATION,0.5217391304347826,0.6666666666666666,1.0,0.08333333333333333,0.28867513459481287,8,1e-05,resize_smaller_hu_m600_1500_separadas
5,TEST,0.46153846153846156,0.631578947368421,1.0,0.0,0.0,8,1e-05,resize_smaller_hu_m600_1500_separadas
6,VALIDATION,0.4782608695652174,0.625,0.9090909090909091,0.08333333333333333,0.27524094128159016,8,1e-05,resize_smaller_hu_m600_1500_separadas
6,TEST,0.4166666666666667,0.46153846153846156,0.5,0.3333333333333333,0.408248290463863,8,1e-05,resize_smaller_hu_m600_1500_separadas
7,VALIDATION,0.43478260869565216,0.48,0.5454545454545454,0.3333333333333333,0.42640143271122083,8,1e-05,resize_smaller_hu_m600_1500_separadas
7,TEST,0.4166666666666667,0.5333333333333333,0.6666666666666666,0.16666666666666666,0.3333333333333333,8,1e-05,resize_smaller_hu_m600_1500_separadas
8,VALIDATION,0.4782608695652174,0.6470588235294118,1.0,0.0,0.0,8,1e-05,resize_smaller_hu_m600_1500_separadas
8,TEST,0.5,0.6666666666666666,1.0,0.0,0.0,8,1e-05,resize_smaller_hu_m600_1500_separadas
9,VALIDATION,0.6086956521739131,0.7096774193548387,1.0,0.25,0.5,8,1e-05,resize_smaller_hu_m600_1500_separadas
9,TEST,0.5,0.6666666666666666,1.0,0.0,0.0,8,1e-05,resize_smaller_hu_m600_1500_separadas
10,VALIDATION,0.4782608695652174,0.6470588235294118,1.0,0.0,0.0,8,1e-05,resize_smaller_hu_m600_1500_separadas
10,TEST,0.4166666666666667,0.5882352941176471,1.0,0.0,0.0,8,1e-05,resize_smaller_hu_m600_1500_separadas
MEAN,VALIDATION,0.48695652173913045,0.596286001255022,0.8363636363636363,0.16666666666666669,0.2402548895316786,8,1e-05,resize_smaller_hu_m600_1500_separadas
MEAN,TEST,0.4480769230769231,0.5674813628064401,0.8166666666666667,0.12142857142857141,0.1486624104193365,8,1e-05,resize_smaller_hu_m600_1500_separadas
1,VALIDATION,0.5217391304347826,0.0,0.0,1.0,0.0,8,0.0001,resize_smaller_hu_m600_1500_separadas
1,TEST,0.5384615384615384,0.0,0.0,1.0,0.0,8,0.0001,resize_smaller_hu_m600_1500_separadas
2,VALIDATION,0.5652173913043478,0.5454545454545454,0.5454545454545454,0.5833333333333334,0.5640760748177662,8,0.0001,resize_smaller_hu_m600_1500_separadas
2,TEST,0.6153846153846154,0.5454545454545454,0.5,0.7142857142857143,0.5976143046671968,8,0.0001,resize_smaller_hu_m600_1500_separadas
3,VALIDATION,0.4782608695652174,0.6470588235294118,1.0,0.0,0.0,8,0.0001,resize_smaller_hu_m600_1500_separadas
3,TEST,0.46153846153846156,0.631578947368421,1.0,0.0,0.0,8,0.0001,resize_smaller_hu_m600_1500_separadas
4,VALIDATION,0.4782608695652174,0.6470588235294118,1.0,0.0,0.0,8,0.0001,resize_smaller_hu_m600_1500_separadas
4,TEST,0.46153846153846156,0.631578947368421,1.0,0.0,0.0,8,0.0001,resize_smaller_hu_m600_1500_separadas
5,VALIDATION,0.5217391304347826,0.0,0.0,1.0,0.0,8,0.0001,resize_smaller_hu_m600_1500_separadas
5,TEST,0.5384615384615384,0.0,0.0,1.0,0.0,8,0.0001,resize_smaller_hu_m600_1500_separadas
6,VALIDATION,0.4782608695652174,0.6470588235294118,1.0,0.0,0.0,8,0.0001,resize_smaller_hu_m600_1500_separadas
6,TEST,0.5,0.6666666666666666,1.0,0.0,0.0,8,0.0001,resize_smaller_hu_m600_1500_separadas
7,VALIDATION,0.4782608695652174,0.6470588235294118,1.0,0.0,0.0,8,0.0001,resize_smaller_hu_m600_1500_separadas
7,TEST,0.5,0.6666666666666666,1.0,0.0,0.0,8,0.0001,resize_smaller_hu_m600_1500_separadas
8,VALIDATION,0.5217391304347826,0.6666666666666666,1.0,0.08333333333333333,0.28867513459481287,8,0.0001,resize_smaller_hu_m600_1500_separadas
8,TEST,0.5,0.6666666666666666,1.0,0.0,0.0,8,0.0001,resize_smaller_hu_m600_1500_separadas
9,VALIDATION,0.4782608695652174,0.6470588235294118,1.0,0.0,0.0,8,0.0001,resize_smaller_hu_m600_1500_separadas
9,TEST,0.5,0.6666666666666666,1.0,0.0,0.0,8,0.0001,resize_smaller_hu_m600_1500_separadas
10,VALIDATION,0.5217391304347826,0.0,0.0,1.0,0.0,8,0.0001,resize_smaller_hu_m600_1500_separadas
10,TEST,0.5833333333333334,0.0,0.0,1.0,0.0,8,0.0001,resize_smaller_hu_m600_1500_separadas
MEAN,VALIDATION,0.5043478260869565,0.44474153297682717,0.6545454545454545,0.3666666666666667,0.08527512094125791,8,0.0001,resize_smaller_hu_m600_1500_separadas
MEAN,TEST,0.5198717948717948,0.44752791068580544,0.65,0.37142857142857144,0.05976143046671968,8,0.0001,resize_smaller_hu_m600_1500_separadas
1,VALIDATION,0.6956521739130435,0.7586206896551724,1.0,0.4166666666666667,0.6454972243679028,8,0.001,resize_smaller_hu_m600_1500_separadas
1,TEST,0.5384615384615384,0.625,0.8333333333333334,0.2857142857142857,0.4879500364742666,8,0.001,resize_smaller_hu_m600_1500_separadas
2,VALIDATION,0.5652173913043478,0.5454545454545454,0.5454545454545454,0.5833333333333334,0.5640760748177662,8,0.001,resize_smaller_hu_m600_1500_separadas
2,TEST,0.5384615384615384,0.4,0.3333333333333333,0.7142857142857143,0.4879500364742666,8,0.001,resize_smaller_hu_m600_1500_separadas
3,VALIDATION,0.6086956521739131,0.6086956521739131,0.6363636363636364,0.5833333333333334,0.6092717958449424,8,0.001,resize_smaller_hu_m600_1500_separadas
3,TEST,0.38461538461538464,0.42857142857142855,0.5,0.2857142857142857,0.3779644730092272,8,0.001,resize_smaller_hu_m600_1500_separadas
4,VALIDATION,0.5217391304347826,0.5925925925925926,0.7272727272727273,0.3333333333333333,0.49236596391733095,8,0.001,resize_smaller_hu_m600_1500_separadas
4,TEST,0.5384615384615384,0.5714285714285714,0.6666666666666666,0.42857142857142855,0.5345224838248488,8,0.001,resize_smaller_hu_m600_1500_separadas
5,VALIDATION,0.6521739130434783,0.6363636363636364,0.6363636363636364,0.6666666666666666,0.6513389472789296,8,0.001,resize_smaller_hu_m600_1500_separadas
5,TEST,0.6923076923076923,0.7142857142857143,0.8333333333333334,0.5714285714285714,0.6900655593423543,8,0.001,resize_smaller_hu_m600_1500_separadas
6,VALIDATION,0.5652173913043478,0.6875,1.0,0.16666666666666666,0.408248290463863,8,0.001,resize_smaller_hu_m600_1500_separadas
6,TEST,0.5,0.6666666666666666,1.0,0.0,0.0,8,0.001,resize_smaller_hu_m600_1500_separadas
7,VALIDATION,0.4782608695652174,0.5714285714285714,0.7272727272727273,0.25,0.4264014327112209,8,0.001,resize_smaller_hu_m600_1500_separadas
7,TEST,0.5,0.625,0.8333333333333334,0.16666666666666666,0.37267799624996495,8,0.001,resize_smaller_hu_m600_1500_separadas
8,VALIDATION,0.5652173913043478,0.5833333333333334,0.6363636363636364,0.5,0.5640760748177662,8,0.001,resize_smaller_hu_m600_1500_separadas
8,TEST,0.5833333333333334,0.6666666666666666,0.8333333333333334,0.3333333333333333,0.5270462766947299,8,0.001,resize_smaller_hu_m600_1500_separadas
9,VALIDATION,0.5652173913043478,0.5454545454545454,0.5454545454545454,0.5833333333333334,0.5640760748177662,8,0.001,resize_smaller_hu_m600_1500_separadas
9,TEST,0.8333333333333334,0.8333333333333334,0.8333333333333334,0.8333333333333334,0.8333333333333334,8,0.001,resize_smaller_hu_m600_1500_separadas
10,VALIDATION,0.5217391304347826,0.6666666666666666,1.0,0.08333333333333333,0.28867513459481287,8,0.001,resize_smaller_hu_m600_1500_separadas
10,TEST,0.5,0.625,1.0,0.14285714285714285,0.3779644730092272,8,0.001,resize_smaller_hu_m600_1500_separadas
MEAN,VALIDATION,0.5739130434782609,0.6196110233122977,0.7454545454545455,0.41666666666666663,0.5214027013632301,8,0.001,resize_smaller_hu_m600_1500_separadas
MEAN,TEST,0.5608974358974359,0.6155952380952381,0.7666666666666666,0.3761904761904762,0.46894746684122185,8,0.001,resize_smaller_hu_m600_1500_separadas
1,VALIDATION,0.4782608695652174,0.6470588235294118,1.0,0.0,0.0,16,1e-05,resize_smaller_hu_m600_1500_separadas
1,TEST,0.46153846153846156,0.631578947368421,1.0,0.0,0.0,16,1e-05,resize_smaller_hu_m600_1500_separadas
2,VALIDATION,0.4782608695652174,0.6470588235294118,1.0,0.0,0.0,16,1e-05,resize_smaller_hu_m600_1500_separadas
2,TEST,0.46153846153846156,0.631578947368421,1.0,0.0,0.0,16,1e-05,resize_smaller_hu_m600_1500_separadas
3,VALIDATION,0.5217391304347826,0.15384615384615385,0.09090909090909091,0.9166666666666666,0.28867513459481287,16,1e-05,resize_smaller_hu_m600_1500_separadas
3,TEST,0.46153846153846156,0.0,0.0,0.8571428571428571,0.0,16,1e-05,resize_smaller_hu_m600_1500_separadas
4,VALIDATION,0.4782608695652174,0.6470588235294118,1.0,0.0,0.0,16,1e-05,resize_smaller_hu_m600_1500_separadas
4,TEST,0.46153846153846156,0.631578947368421,1.0,0.0,0.0,16,1e-05,resize_smaller_hu_m600_1500_separadas
5,VALIDATION,0.4782608695652174,0.5384615384615384,0.6363636363636364,0.3333333333333333,0.4605661864718383,16,1e-05,resize_smaller_hu_m600_1500_separadas
5,TEST,0.6153846153846154,0.7058823529411765,1.0,0.2857142857142857,0.5345224838248488,16,1e-05,resize_smaller_hu_m600_1500_separadas
6,VALIDATION,0.4782608695652174,0.6470588235294118,1.0,0.0,0.0,16,1e-05,resize_smaller_hu_m600_1500_separadas
6,TEST,0.5,0.6666666666666666,1.0,0.0,0.0,16,1e-05,resize_smaller_hu_m600_1500_separadas
7,VALIDATION,0.4782608695652174,0.6470588235294118,1.0,0.0,0.0,16,1e-05,resize_smaller_hu_m600_1500_separadas
7,TEST,0.5,0.6666666666666666,1.0,0.0,0.0,16,1e-05,resize_smaller_hu_m600_1500_separadas
8,VALIDATION,0.5217391304347826,0.56,0.6363636363636364,0.4166666666666667,0.5149286505444373,16,1e-05,resize_smaller_hu_m600_1500_separadas
8,TEST,0.5833333333333334,0.7058823529411765,1.0,0.16666666666666666,0.408248290463863,16,1e-05,resize_smaller_hu_m600_1500_separadas
9,VALIDATION,0.5652173913043478,0.6875,1.0,0.16666666666666666,0.408248290463863,16,1e-05,resize_smaller_hu_m600_1500_separadas
9,TEST,0.4166666666666667,0.5882352941176471,0.8333333333333334,0.0,0.0,16,1e-05,resize_smaller_hu_m600_1500_separadas
10,VALIDATION,0.4782608695652174,0.6470588235294118,1.0,0.0,0.0,16,1e-05,resize_smaller_hu_m600_1500_separadas
10,TEST,0.4166666666666667,0.5882352941176471,1.0,0.0,0.0,16,1e-05,resize_smaller_hu_m600_1500_separadas
MEAN,VALIDATION,0.49565217391304356,0.5822160633484164,0.8363636363636363,0.18333333333333332,0.16724182620749514,16,1e-05,resize_smaller_hu_m600_1500_separadas
MEAN,TEST,0.487820512820513,0.5816305469556242,0.8833333333333332,0.13095238095238093,0.09427707742887118,16,1e-05,resize_smaller_hu_m600_1500_separadas
1,VALIDATION,0.4782608695652174,0.6470588235294118,1.0,0.0,0.0,16,0.0001,resize_smaller_hu_m600_1500_separadas
1,TEST,0.46153846153846156,0.631578947368421,1.0,0.0,0.0,16,0.0001,resize_smaller_hu_m600_1500_separadas
2,VALIDATION,0.5217391304347826,0.0,0.0,1.0,0.0,16,0.0001,resize_smaller_hu_m600_1500_separadas
2,TEST,0.5384615384615384,0.0,0.0,1.0,0.0,16,0.0001,resize_smaller_hu_m600_1500_separadas
3,VALIDATION,0.4782608695652174,0.6470588235294118,1.0,0.0,0.0,16,0.0001,resize_smaller_hu_m600_1500_separadas
3,TEST,0.46153846153846156,0.631578947368421,1.0,0.0,0.0,16,0.0001,resize_smaller_hu_m600_1500_separadas
4,VALIDATION,0.5217391304347826,0.0,0.0,1.0,0.0,16,0.0001,resize_smaller_hu_m600_1500_separadas
4,TEST,0.5384615384615384,0.0,0.0,1.0,0.0,16,0.0001,resize_smaller_hu_m600_1500_separadas
5,VALIDATION,0.4782608695652174,0.6470588235294118,1.0,0.0,0.0,16,0.0001,resize_smaller_hu_m600_1500_separadas
5,TEST,0.46153846153846156,0.631578947368421,1.0,0.0,0.0,16,0.0001,resize_smaller_hu_m600_1500_separadas
6,VALIDATION,0.4782608695652174,0.6470588235294118,1.0,0.0,0.0,16,0.0001,resize_smaller_hu_m600_1500_separadas
6,TEST,0.5,0.6666666666666666,1.0,0.0,0.0,16,0.0001,resize_smaller_hu_m600_1500_separadas
7,VALIDATION,0.4782608695652174,0.6470588235294118,1.0,0.0,0.0,16,0.0001,resize_smaller_hu_m600_1500_separadas
7,TEST,0.5,0.6666666666666666,1.0,0.0,0.0,16,0.0001,resize_smaller_hu_m600_1500_separadas
8,VALIDATION,0.5217391304347826,0.15384615384615385,0.09090909090909091,0.9166666666666666,0.28867513459481287,16,0.0001,resize_smaller_hu_m600_1500_separadas
8,TEST,0.5833333333333334,0.2857142857142857,0.16666666666666666,1.0,0.408248290463863,16,0.0001,resize_smaller_hu_m600_1500_separadas
9,VALIDATION,0.4782608695652174,0.6470588235294118,1.0,0.0,0.0,16,0.0001,resize_smaller_hu_m600_1500_separadas
9,TEST,0.5,0.6666666666666666,1.0,0.0,0.0,16,0.0001,resize_smaller_hu_m600_1500_separadas
10,VALIDATION,0.5217391304347826,0.0,0.0,1.0,0.0,16,0.0001,resize_smaller_hu_m600_1500_separadas
10,TEST,0.5833333333333334,0.0,0.0,1.0,0.0,16,0.0001,resize_smaller_hu_m600_1500_separadas
MEAN,VALIDATION,0.49565217391304345,0.4036199095022625,0.6090909090909091,0.39166666666666666,0.028867513459481287,16,0.0001,resize_smaller_hu_m600_1500_separadas
MEAN,TEST,0.5128205128205129,0.41804511278195483,0.6166666666666667,0.4,0.040824829046386304,16,0.0001,resize_smaller_hu_m600_1500_separadas
1,VALIDATION,0.6521739130434783,0.5555555555555556,0.45454545454545453,0.8333333333333334,0.6154574548966637,16,0.001,resize_smaller_hu_m600_1500_separadas
1,TEST,0.5384615384615384,0.25,0.16666666666666666,0.8571428571428571,0.3779644730092272,16,0.001,resize_smaller_hu_m600_1500_separadas
2,VALIDATION,0.6086956521739131,0.6086956521739131,0.6363636363636364,0.5833333333333334,0.6092717958449424,16,0.001,resize_smaller_hu_m600_1500_separadas
2,TEST,0.5384615384615384,0.4,0.3333333333333333,0.7142857142857143,0.4879500364742666,16,0.001,resize_smaller_hu_m600_1500_separadas
3,VALIDATION,0.6086956521739131,0.6086956521739131,0.6363636363636364,0.5833333333333334,0.6092717958449424,16,0.001,resize_smaller_hu_m600_1500_separadas
3,TEST,0.46153846153846156,0.46153846153846156,0.5,0.42857142857142855,0.4629100498862757,16,0.001,resize_smaller_hu_m600_1500_separadas
4,VALIDATION,0.5652173913043478,0.6428571428571429,0.8181818181818182,0.3333333333333333,0.5222329678670935,16,0.001,resize_smaller_hu_m600_1500_separadas
4,TEST,0.5384615384615384,0.5714285714285714,0.6666666666666666,0.42857142857142855,0.5345224838248488,16,0.001,resize_smaller_hu_m600_1500_separadas
5,VALIDATION,0.6086956521739131,0.6896551724137931,0.9090909090909091,0.3333333333333333,0.5504818825631803,16,0.001,resize_smaller_hu_m600_1500_separadas
5,TEST,0.7692307692307693,0.8,1.0,0.5714285714285714,0.7559289460184544,16,0.001,resize_smaller_hu_m600_1500_separadas
6,VALIDATION,0.6086956521739131,0.64,0.7272727272727273,0.5,0.6030226891555273,16,0.001,resize_smaller_hu_m600_1500_separadas
6,TEST,0.5,0.625,0.8333333333333334,0.16666666666666666,0.37267799624996495,16,0.001,resize_smaller_hu_m600_1500_separadas
7,VALIDATION,0.5652173913043478,0.6153846153846154,0.7272727272727273,0.4166666666666667,0.5504818825631803,16,0.001,resize_smaller_hu_m600_1500_separadas
7,TEST,0.5,0.5714285714285714,0.6666666666666666,0.3333333333333333,0.4714045207910317,16,0.001,resize_smaller_hu_m600_1500_separadas
8,VALIDATION,0.5652173913043478,0.6153846153846154,0.7272727272727273,0.4166666666666667,0.5504818825631803,16,0.001,resize_smaller_hu_m600_1500_separadas
8,TEST,0.6666666666666666,0.75,1.0,0.3333333333333333,0.5773502691896257,16,0.001,resize_smaller_hu_m600_1500_separadas
9,VALIDATION,0.5652173913043478,0.6666666666666666,0.9090909090909091,0.25,0.4767312946227962,16,0.001,resize_smaller_hu_m600_1500_separadas
9,TEST,0.5,0.6666666666666666,1.0,0.0,0.0,16,0.001,resize_smaller_hu_m600_1500_separadas
10,VALIDATION,0.6086956521739131,0.4,0.2727272727272727,0.9166666666666666,0.49999999999999994,16,0.001,resize_smaller_hu_m600_1500_separadas
10,TEST,0.5833333333333334,0.0,0.0,1.0,0.0,16,0.001,resize_smaller_hu_m600_1500_separadas
MEAN,VALIDATION,0.5956521739130435,0.6042895072610216,0.6818181818181819,0.5166666666666667,0.5587433645921507,16,0.001,resize_smaller_hu_m600_1500_separadas
MEAN,TEST,0.5596153846153846,0.5096062271062272,0.6166666666666666,0.4833333333333333,0.40407087754436954,16,0.001,resize_smaller_hu_m600_1500_separadas
1,VALIDATION,0.5652173913043478,0.6153846153846154,0.7272727272727273,0.4166666666666667,0.5504818825631803,2,1e-05,resize_smaller
1,TEST,0.46153846153846156,0.5882352941176471,0.8333333333333334,0.14285714285714285,0.3450327796711771,2,1e-05,resize_smaller
2,VALIDATION,0.5652173913043478,0.6875,1.0,0.16666666666666666,0.408248290463863,2,1e-05,resize_smaller
2,TEST,0.46153846153846156,0.631578947368421,1.0,0.0,0.0,2,1e-05,resize_smaller
3,VALIDATION,0.6521739130434783,0.7142857142857143,0.9090909090909091,0.4166666666666667,0.6154574548966637,2,1e-05,resize_smaller
3,TEST,0.38461538461538464,0.42857142857142855,0.5,0.2857142857142857,0.3779644730092272,2,1e-05,resize_smaller
4,VALIDATION,0.5217391304347826,0.5217391304347826,0.5454545454545454,0.5,0.5222329678670935,2,1e-05,resize_smaller
4,TEST,0.5384615384615384,0.5714285714285714,0.6666666666666666,0.42857142857142855,0.5345224838248488,2,1e-05,resize_smaller
5,VALIDATION,0.5217391304347826,0.56,0.6363636363636364,0.4166666666666667,0.5149286505444373,2,1e-05,resize_smaller
5,TEST,0.46153846153846156,0.5333333333333333,0.6666666666666666,0.2857142857142857,0.4364357804719847,2,1e-05,resize_smaller
6,VALIDATION,0.43478260869565216,0.3157894736842105,0.2727272727272727,0.5833333333333334,0.3988620176087328,2,1e-05,resize_smaller
6,TEST,0.8333333333333334,0.8571428571428571,1.0,0.6666666666666666,0.816496580927726,2,1e-05,resize_smaller
7,VALIDATION,0.6086956521739131,0.6666666666666666,0.8181818181818182,0.4166666666666667,0.5838742081211422,2,1e-05,resize_smaller
7,TEST,0.5,0.5714285714285714,0.6666666666666666,0.3333333333333333,0.4714045207910317,2,1e-05,resize_smaller
8,VALIDATION,0.5217391304347826,0.5217391304347826,0.5454545454545454,0.5,0.5222329678670935,2,1e-05,resize_smaller
8,TEST,0.5,0.5,0.5,0.5,0.5,2,1e-05,resize_smaller
9,VALIDATION,0.5217391304347826,0.47619047619047616,0.45454545454545453,0.5833333333333334,0.5149286505444373,2,1e-05,resize_smaller
9,TEST,0.4166666666666667,0.46153846153846156,0.5,0.3333333333333333,0.408248290463863,2,1e-05,resize_smaller
10,VALIDATION,0.6521739130434783,0.6923076923076923,0.8181818181818182,0.5,0.6396021490668313,2,1e-05,resize_smaller
10,TEST,0.4166666666666667,0.5333333333333333,0.8,0.14285714285714285,0.3380617018914066,2,1e-05,resize_smaller
MEAN,VALIDATION,0.5565217391304348,0.5771602899388941,0.6727272727272727,0.45,0.5270849239543475,2,1e-05,resize_smaller
MEAN,TEST,0.49743589743589745,0.5676590798262625,0.7133333333333333,0.31190476190476185,0.42281666110512656,2,1e-05,resize_smaller
1,VALIDATION,0.6956521739130435,0.6666666666666666,0.6363636363636364,0.75,0.6908492797077574,2,0.0001,resize_smaller
1,TEST,0.6153846153846154,0.5454545454545454,0.5,0.7142857142857143,0.5976143046671968,2,0.0001,resize_smaller
2,VALIDATION,0.5652173913043478,0.375,0.2727272727272727,0.8333333333333334,0.4767312946227962,2,0.0001,resize_smaller
2,TEST,0.6153846153846154,0.5454545454545454,0.5,0.7142857142857143,0.5976143046671968,2,0.0001,resize_smaller
3,VALIDATION,0.43478260869565216,0.43478260869565216,0.45454545454545453,0.4166666666666667,0.4351941398892446,2,0.0001,resize_smaller
3,TEST,0.38461538461538464,0.42857142857142855,0.5,0.2857142857142857,0.3779644730092272,2,0.0001,resize_smaller
4,VALIDATION,0.4782608695652174,0.5,0.5454545454545454,0.4166666666666667,0.4767312946227962,2,0.0001,resize_smaller
4,TEST,0.38461538461538464,0.42857142857142855,0.5,0.2857142857142857,0.3779644730092272,2,0.0001,resize_smaller
5,VALIDATION,0.4782608695652174,0.5,0.5454545454545454,0.4166666666666667,0.4767312946227962,2,0.0001,resize_smaller
5,TEST,0.5384615384615384,0.5714285714285714,0.6666666666666666,0.42857142857142855,0.5345224838248488,2,0.0001,resize_smaller
6,VALIDATION,0.4782608695652174,0.5,0.5454545454545454,0.4166666666666667,0.4767312946227962,2,0.0001,resize_smaller
6,TEST,0.5,0.6666666666666666,1.0,0.0,0.0,2,0.0001,resize_smaller
7,VALIDATION,0.6086956521739131,0.5263157894736842,0.45454545454545453,0.75,0.5838742081211422,2,0.0001,resize_smaller
7,TEST,0.5,0.4,0.3333333333333333,0.6666666666666666,0.4714045207910317,2,0.0001,resize_smaller
8,VALIDATION,0.5217391304347826,0.56,0.6363636363636364,0.4166666666666667,0.5149286505444373,2,0.0001,resize_smaller
8,TEST,0.3333333333333333,0.3333333333333333,0.3333333333333333,0.3333333333333333,0.3333333333333333,2,0.0001,resize_smaller
9,VALIDATION,0.5217391304347826,0.56,0.6363636363636364,0.4166666666666667,0.5149286505444373,2,0.0001,resize_smaller
9,TEST,0.5833333333333334,0.6666666666666666,0.8333333333333334,0.3333333333333333,0.5270462766947299,2,0.0001,resize_smaller
10,VALIDATION,0.5652173913043478,0.6153846153846154,0.7272727272727273,0.4166666666666667,0.5504818825631803,2,0.0001,resize_smaller
10,TEST,0.5,0.5714285714285714,0.8,0.2857142857142857,0.47809144373375745,2,0.0001,resize_smaller
MEAN,VALIDATION,0.5347826086956522,0.5238149680220617,0.5454545454545455,0.5250000000000001,0.5197181989861384,2,0.0001,resize_smaller
MEAN,TEST,0.4955128205128204,0.5157575757575757,0.5966666666666666,0.4047619047619048,0.42955556137305495,2,0.0001,resize_smaller
1,VALIDATION,0.5217391304347826,0.5925925925925926,0.7272727272727273,0.3333333333333333,0.49236596391733095,2,0.001,resize_smaller
1,TEST,0.46153846153846156,0.46153846153846156,0.5,0.42857142857142855,0.4629100498862757,2,0.001,resize_smaller
2,VALIDATION,0.6521739130434783,0.6666666666666666,0.7272727272727273,0.5833333333333334,0.6513389472789296,2,0.001,resize_smaller
2,TEST,0.46153846153846156,0.46153846153846156,0.5,0.42857142857142855,0.4629100498862757,2,0.001,resize_smaller
3,VALIDATION,0.4782608695652174,0.5,0.5454545454545454,0.4166666666666667,0.4767312946227962,2,0.001,resize_smaller
3,TEST,0.38461538461538464,0.42857142857142855,0.5,0.2857142857142857,0.3779644730092272,2,0.001,resize_smaller
4,VALIDATION,0.5652173913043478,0.5833333333333334,0.6363636363636364,0.5,0.5640760748177662,2,0.001,resize_smaller
4,TEST,0.46153846153846156,0.36363636363636365,0.3333333333333333,0.5714285714285714,0.4364357804719847,2,0.001,resize_smaller
5,VALIDATION,0.5652173913043478,0.5833333333333334,0.6363636363636364,0.5,0.5640760748177662,2,0.001,resize_smaller
5,TEST,0.46153846153846156,0.46153846153846156,0.5,0.42857142857142855,0.4629100498862757,2,0.001,resize_smaller
6,VALIDATION,0.5652173913043478,0.5,0.45454545454545453,0.6666666666666666,0.5504818825631803,2,0.001,resize_smaller
6,TEST,0.3333333333333333,0.0,0.0,0.6666666666666666,0.0,2,0.001,resize_smaller
7,VALIDATION,0.6521739130434783,0.6,0.5454545454545454,0.75,0.6396021490668313,2,0.001,resize_smaller
7,TEST,0.5833333333333334,0.5454545454545454,0.5,0.6666666666666666,0.5773502691896257,2,0.001,resize_smaller
8,VALIDATION,0.5652173913043478,0.5833333333333334,0.6363636363636364,0.5,0.5640760748177662,2,0.001,resize_smaller
8,TEST,0.3333333333333333,0.3333333333333333,0.3333333333333333,0.3333333333333333,0.3333333333333333,2,0.001,resize_smaller
9,VALIDATION,0.5652173913043478,0.5,0.45454545454545453,0.6666666666666666,0.5504818825631803,2,0.001,resize_smaller
9,TEST,0.6666666666666666,0.7142857142857143,0.8333333333333334,0.5,0.6454972243679028,2,0.001,resize_smaller
10,VALIDATION,0.5652173913043478,0.6875,1.0,0.16666666666666666,0.408248290463863,2,0.001,resize_smaller
10,TEST,0.5,0.5714285714285714,0.8,0.2857142857142857,0.47809144373375745,2,0.001,resize_smaller
MEAN,VALIDATION,0.5695652173913043,0.5796759259259259,0.6363636363636362,0.5083333333333334,0.5461478634929411,2,0.001,resize_smaller
MEAN,TEST,0.46474358974358976,0.43413253413253405,0.48,0.4595238095238095,0.42374026737646586,2,0.001,resize_smaller
1,VALIDATION,0.5217391304347826,0.0,0.0,1.0,0.0,4,1e-05,resize_smaller
1,TEST,0.5384615384615384,0.0,0.0,1.0,0.0,4,1e-05,resize_smaller
2,VALIDATION,0.4782608695652174,0.6470588235294118,1.0,0.0,0.0,4,1e-05,resize_smaller
2,TEST,0.46153846153846156,0.631578947368421,1.0,0.0,0.0,4,1e-05,resize_smaller
3,VALIDATION,0.43478260869565216,0.48,0.5454545454545454,0.3333333333333333,0.42640143271122083,4,1e-05,resize_smaller
3,TEST,0.38461538461538464,0.42857142857142855,0.5,0.2857142857142857,0.3779644730092272,4,1e-05,resize_smaller
4,VALIDATION,0.4782608695652174,0.6470588235294118,1.0,0.0,0.0,4,1e-05,resize_smaller
4,TEST,0.46153846153846156,0.631578947368421,1.0,0.0,0.0,4,1e-05,resize_smaller
5,VALIDATION,0.4782608695652174,0.6470588235294118,1.0,0.0,0.0,4,1e-05,resize_smaller
5,TEST,0.46153846153846156,0.631578947368421,1.0,0.0,0.0,4,1e-05,resize_smaller
6,VALIDATION,0.5652173913043478,0.6153846153846154,0.7272727272727273,0.4166666666666667,0.5504818825631803,4,1e-05,resize_smaller
6,TEST,0.25,0.0,0.0,0.5,0.0,4,1e-05,resize_smaller
7,VALIDATION,0.5217391304347826,0.0,0.0,1.0,0.0,4,1e-05,resize_smaller
7,TEST,0.5,0.0,0.0,1.0,0.0,4,1e-05,resize_smaller
8,VALIDATION,0.4782608695652174,0.6470588235294118,1.0,0.0,0.0,4,1e-05,resize_smaller
8,TEST,0.5,0.6666666666666666,1.0,0.0,0.0,4,1e-05,resize_smaller
9,VALIDATION,0.4782608695652174,0.6470588235294118,1.0,0.0,0.0,4,1e-05,resize_smaller
9,TEST,0.5,0.6666666666666666,1.0,0.0,0.0,4,1e-05,resize_smaller
10,VALIDATION,0.4782608695652174,0.5384615384615384,0.6363636363636364,0.3333333333333333,0.4605661864718383,4,1e-05,resize_smaller
10,TEST,0.5,0.5714285714285714,0.8,0.2857142857142857,0.47809144373375745,4,1e-05,resize_smaller
MEAN,VALIDATION,0.491304347826087,0.48691402714932125,0.690909090909091,0.30833333333333335,0.14374495017462394,4,1e-05,resize_smaller
MEAN,TEST,0.4557692307692308,0.4228070175438597,0.63,0.3071428571428571,0.08560559167429846,4,1e-05,resize_smaller
1,VALIDATION,0.5217391304347826,0.42105263157894735,0.36363636363636365,0.6666666666666666,0.49236596391733095,4,0.0001,resize_smaller
1,TEST,0.6153846153846154,0.4444444444444444,0.3333333333333333,0.8571428571428571,0.5345224838248488,4,0.0001,resize_smaller
2,VALIDATION,0.391304347826087,0.46153846153846156,0.5454545454545454,0.25,0.3692744729379982,4,0.0001,resize_smaller
2,TEST,0.6153846153846154,0.6666666666666666,0.8333333333333334,0.42857142857142855,0.5976143046671968,4,0.0001,resize_smaller
3,VALIDATION,0.43478260869565216,0.23529411764705882,0.18181818181818182,0.6666666666666666,0.3481553119113957,4,0.0001,resize_smaller
3,TEST,0.38461538461538464,0.2,0.16666666666666666,0.5714285714285714,0.3086066999241838,4,0.0001,resize_smaller
4,VALIDATION,0.4782608695652174,0.45454545454545453,0.45454545454545453,0.5,0.4767312946227962,4,0.0001,resize_smaller
4,TEST,0.46153846153846156,0.46153846153846156,0.5,0.42857142857142855,0.4629100498862757,4,0.0001,resize_smaller
5,VALIDATION,0.5652173913043478,0.6875,1.0,0.16666666666666666,0.408248290463863,4,0.0001,resize_smaller
5,TEST,0.5384615384615384,0.6666666666666666,1.0,0.14285714285714285,0.3779644730092272,4,0.0001,resize_smaller
6,VALIDATION,0.5217391304347826,0.47619047619047616,0.45454545454545453,0.5833333333333334,0.5149286505444373,4,0.0001,resize_smaller
6,TEST,0.5833333333333334,0.7058823529411765,1.0,0.16666666666666666,0.408248290463863,4,0.0001,resize_smaller
7,VALIDATION,0.5217391304347826,0.6666666666666666,1.0,0.08333333333333333,0.28867513459481287,4,0.0001,resize_smaller
7,TEST,0.5,0.6666666666666666,1.0,0.0,0.0,4,0.0001,resize_smaller
8,VALIDATION,0.5652173913043478,0.5833333333333334,0.6363636363636364,0.5,0.5640760748177662,4,0.0001,resize_smaller
8,TEST,0.4166666666666667,0.36363636363636365,0.3333333333333333,0.5,0.408248290463863,4,0.0001,resize_smaller
9,VALIDATION,0.5652173913043478,0.5454545454545454,0.5454545454545454,0.5833333333333334,0.5640760748177662,4,0.0001,resize_smaller
9,TEST,0.6666666666666666,0.7142857142857143,0.8333333333333334,0.5,0.6454972243679028,4,0.0001,resize_smaller
10,VALIDATION,0.6086956521739131,0.64,0.7272727272727273,0.5,0.6030226891555273,4,0.0001,resize_smaller
10,TEST,0.4166666666666667,0.5333333333333333,0.8,0.14285714285714285,0.3380617018914066,4,0.0001,resize_smaller
MEAN,VALIDATION,0.5173913043478261,0.5171575686954945,0.5909090909090909,0.45,0.46295539577836947,4,0.0001,resize_smaller
MEAN,TEST,0.5198717948717949,0.5423120670179494,0.6799999999999999,0.37380952380952376,0.4081673518498768,4,0.0001,resize_smaller
1,VALIDATION,0.6521739130434783,0.6363636363636364,0.6363636363636364,0.6666666666666666,0.6513389472789296,4,0.001,resize_smaller
1,TEST,0.5384615384615384,0.5,0.5,0.5714285714285714,0.5345224838248488,4,0.001,resize_smaller
2,VALIDATION,0.6086956521739131,0.5263157894736842,0.45454545454545453,0.75,0.5838742081211422,4,0.001,resize_smaller
2,TEST,0.38461538461538464,0.0,0.0,0.7142857142857143,0.0,4,0.001,resize_smaller
3,VALIDATION,0.43478260869565216,0.48,0.5454545454545454,0.3333333333333333,0.42640143271122083,4,0.001,resize_smaller
3,TEST,0.38461538461538464,0.42857142857142855,0.5,0.2857142857142857,0.3779644730092272,4,0.001,resize_smaller
4,VALIDATION,0.4782608695652174,0.45454545454545453,0.45454545454545453,0.5,0.4767312946227962,4,0.001,resize_smaller
4,TEST,0.5384615384615384,0.5,0.5,0.5714285714285714,0.5345224838248488,4,0.001,resize_smaller
5,VALIDATION,0.4782608695652174,0.5,0.5454545454545454,0.4166666666666667,0.4767312946227962,4,0.001,resize_smaller
5,TEST,0.5384615384615384,0.5714285714285714,0.6666666666666666,0.42857142857142855,0.5345224838248488,4,0.001,resize_smaller
6,VALIDATION,0.5652173913043478,0.5,0.45454545454545453,0.6666666666666666,0.5504818825631803,4,0.001,resize_smaller
6,TEST,0.6666666666666666,0.75,1.0,0.3333333333333333,0.5773502691896257,4,0.001,resize_smaller
7,VALIDATION,0.5217391304347826,0.6666666666666666,1.0,0.08333333333333333,0.28867513459481287,4,0.001,resize_smaller
7,TEST,0.75,0.8,1.0,0.5,0.7071067811865476,4,0.001,resize_smaller
8,VALIDATION,0.5652173913043478,0.5833333333333334,0.6363636363636364,0.5,0.5640760748177662,4,0.001,resize_smaller
8,TEST,0.4166666666666667,0.36363636363636365,0.3333333333333333,0.5,0.408248290463863,4,0.001,resize_smaller
9,VALIDATION,0.5652173913043478,0.5,0.45454545454545453,0.6666666666666666,0.5504818825631803,4,0.001,resize_smaller
9,TEST,0.5833333333333334,0.6153846153846154,0.6666666666666666,0.5,0.5773502691896257,4,0.001,resize_smaller
10,VALIDATION,0.6086956521739131,0.6896551724137931,0.9090909090909091,0.3333333333333333,0.5504818825631803,4,0.001,resize_smaller
10,TEST,0.4166666666666667,0.5333333333333333,0.8,0.14285714285714285,0.3380617018914066,4,0.001,resize_smaller
MEAN,VALIDATION,0.5478260869565217,0.5536880052796569,0.609090909090909,0.4916666666666666,0.5119274034459005,4,0.001,resize_smaller
MEAN,TEST,0.5217948717948718,0.5062354312354312,0.5966666666666667,0.4547619047619048,0.4589649236404842,4,0.001,resize_smaller
1,VALIDATION,0.5217391304347826,0.0,0.0,1.0,0.0,8,1e-05,resize_smaller
1,TEST,0.5384615384615384,0.0,0.0,1.0,0.0,8,1e-05,resize_smaller
2,VALIDATION,0.4782608695652174,0.3333333333333333,0.2727272727272727,0.6666666666666666,0.42640143271122083,8,1e-05,resize_smaller
2,TEST,0.3076923076923077,0.18181818181818182,0.16666666666666666,0.42857142857142855,0.2672612419124244,8,1e-05,resize_smaller
3,VALIDATION,0.5652173913043478,0.5,0.45454545454545453,0.6666666666666666,0.5504818825631803,8,1e-05,resize_smaller
3,TEST,0.6153846153846154,0.5454545454545454,0.5,0.7142857142857143,0.5976143046671968,8,1e-05,resize_smaller
4,VALIDATION,0.7391304347826086,0.7272727272727273,0.7272727272727273,0.75,0.7385489458759964,8,1e-05,resize_smaller
4,TEST,0.6923076923076923,0.7142857142857143,0.8333333333333334,0.5714285714285714,0.6900655593423543,8,1e-05,resize_smaller
5,VALIDATION,0.5217391304347826,0.26666666666666666,0.18181818181818182,0.8333333333333334,0.3892494720807615,8,1e-05,resize_smaller
5,TEST,0.46153846153846156,0.36363636363636365,0.3333333333333333,0.5714285714285714,0.4364357804719847,8,1e-05,resize_smaller
6,VALIDATION,0.4782608695652174,0.6,0.8181818181818182,0.16666666666666666,0.3692744729379982,8,1e-05,resize_smaller
6,TEST,0.5,0.6666666666666666,1.0,0.0,0.0,8,1e-05,resize_smaller
7,VALIDATION,0.6086956521739131,0.5263157894736842,0.45454545454545453,0.75,0.5838742081211422,8,1e-05,resize_smaller
7,TEST,0.6666666666666666,0.6666666666666666,0.6666666666666666,0.6666666666666666,0.6666666666666666,8,1e-05,resize_smaller
8,VALIDATION,0.4782608695652174,0.6470588235294118,1.0,0.0,0.0,8,1e-05,resize_smaller
8,TEST,0.5,0.6666666666666666,1.0,0.0,0.0,8,1e-05,resize_smaller
9,VALIDATION,0.5652173913043478,0.6428571428571429,0.8181818181818182,0.3333333333333333,0.5222329678670935,8,1e-05,resize_smaller
9,TEST,0.5833333333333334,0.7058823529411765,1.0,0.16666666666666666,0.408248290463863,8,1e-05,resize_smaller
10,VALIDATION,0.5652173913043478,0.6153846153846154,0.7272727272727273,0.4166666666666667,0.5504818825631803,8,1e-05,resize_smaller
10,TEST,0.3333333333333333,0.3333333333333333,0.4,0.2857142857142857,0.3380617018914066,8,1e-05,resize_smaller
MEAN,VALIDATION,0.5521739130434782,0.48588890985175814,0.5454545454545455,0.5583333333333333,0.4130545264720573,8,1e-05,resize_smaller
MEAN,TEST,0.5198717948717948,0.4844410491469315,0.5900000000000001,0.4404761904761905,0.34043535454158963,8,1e-05,resize_smaller
1,VALIDATION,0.5217391304347826,0.47619047619047616,0.45454545454545453,0.5833333333333334,0.5149286505444373,8,0.0001,resize_smaller
1,TEST,0.6153846153846154,0.4444444444444444,0.3333333333333333,0.8571428571428571,0.5345224838248488,8,0.0001,resize_smaller
2,VALIDATION,0.5652173913043478,0.375,0.2727272727272727,0.8333333333333334,0.4767312946227962,8,0.0001,resize_smaller
2,TEST,0.5384615384615384,0.25,0.16666666666666666,0.8571428571428571,0.3779644730092272,8,0.0001,resize_smaller
3,VALIDATION,0.43478260869565216,0.23529411764705882,0.18181818181818182,0.6666666666666666,0.3481553119113957,8,0.0001,resize_smaller
3,TEST,0.38461538461538464,0.3333333333333333,0.3333333333333333,0.42857142857142855,0.3779644730092272,8,0.0001,resize_smaller
4,VALIDATION,0.4782608695652174,0.3333333333333333,0.2727272727272727,0.6666666666666666,0.42640143271122083,8,0.0001,resize_smaller
4,TEST,0.6153846153846154,0.2857142857142857,0.16666666666666666,1.0,0.408248290463863,8,0.0001,resize_smaller
5,VALIDATION,0.5217391304347826,0.26666666666666666,0.18181818181818182,0.8333333333333334,0.3892494720807615,8,0.0001,resize_smaller
5,TEST,0.6153846153846154,0.2857142857142857,0.16666666666666666,1.0,0.408248290463863,8,0.0001,resize_smaller
6,VALIDATION,0.5217391304347826,0.0,0.0,1.0,0.0,8,0.0001,resize_smaller
6,TEST,0.5,0.0,0.0,1.0,0.0,8,0.0001,resize_smaller
7,VALIDATION,0.6086956521739131,0.5263157894736842,0.45454545454545453,0.75,0.5838742081211422,8,0.0001,resize_smaller
7,TEST,0.5833333333333334,0.5454545454545454,0.5,0.6666666666666666,0.5773502691896257,8,0.0001,resize_smaller
8,VALIDATION,0.4782608695652174,0.6470588235294118,1.0,0.0,0.0,8,0.0001,resize_smaller
8,TEST,0.5,0.6666666666666666,1.0,0.0,0.0,8,0.0001,resize_smaller
9,VALIDATION,0.5652173913043478,0.5833333333333334,0.6363636363636364,0.5,0.5640760748177662,8,0.0001,resize_smaller
9,TEST,0.5833333333333334,0.6666666666666666,0.8333333333333334,0.3333333333333333,0.5270462766947299,8,0.0001,resize_smaller
10,VALIDATION,0.4782608695652174,0.5,0.5454545454545454,0.4166666666666667,0.4767312946227962,8,0.0001,resize_smaller
10,TEST,0.4166666666666667,0.5333333333333333,0.8,0.14285714285714285,0.3380617018914066,8,0.0001,resize_smaller
MEAN,VALIDATION,0.5173913043478261,0.3943192540173964,0.4,0.6250000000000001,0.3780147739432316,8,0.0001,resize_smaller
MEAN,TEST,0.5352564102564102,0.4011327561327561,0.43000000000000005,0.6285714285714286,0.35494062585467917,8,0.0001,resize_smaller
1,VALIDATION,0.5652173913043478,0.5454545454545454,0.5454545454545454,0.5833333333333334,0.5640760748177662,8,0.001,resize_smaller
1,TEST,0.5384615384615384,0.5,0.5,0.5714285714285714,0.5345224838248488,8,0.001,resize_smaller
2,VALIDATION,0.5652173913043478,0.6428571428571429,0.8181818181818182,0.3333333333333333,0.5222329678670935,8,0.001,resize_smaller
2,TEST,0.3076923076923077,0.3076923076923077,0.3333333333333333,0.2857142857142857,0.3086066999241838,8,0.001,resize_smaller
3,VALIDATION,0.43478260869565216,0.38095238095238093,0.36363636363636365,0.5,0.4264014327112209,8,0.001,resize_smaller
3,TEST,0.46153846153846156,0.46153846153846156,0.5,0.42857142857142855,0.4629100498862757,8,0.001,resize_smaller
4,VALIDATION,0.5217391304347826,0.56,0.6363636363636364,0.4166666666666667,0.5149286505444373,8,0.001,resize_smaller
4,TEST,0.38461538461538464,0.5,0.6666666666666666,0.14285714285714285,0.3086066999241838,8,0.001,resize_smaller
5,VALIDATION,0.5217391304347826,0.5217391304347826,0.5454545454545454,0.5,0.5222329678670935,8,0.001,resize_smaller
5,TEST,0.5384615384615384,0.5714285714285714,0.6666666666666666,0.42857142857142855,0.5345224838248488,8,0.001,resize_smaller
6,VALIDATION,0.5217391304347826,0.47619047619047616,0.45454545454545453,0.5833333333333334,0.5149286505444373,8,0.001,resize_smaller
6,TEST,0.5833333333333334,0.7058823529411765,1.0,0.16666666666666666,0.408248290463863,8,0.001,resize_smaller
7,VALIDATION,0.5217391304347826,0.35294117647058826,0.2727272727272727,0.75,0.45226701686664544,8,0.001,resize_smaller
7,TEST,0.5,0.4,0.3333333333333333,0.6666666666666666,0.4714045207910317,8,0.001,resize_smaller
8,VALIDATION,0.6086956521739131,0.6086956521739131,0.6363636363636364,0.5833333333333334,0.6092717958449424,8,0.001,resize_smaller
8,TEST,0.4166666666666667,0.36363636363636365,0.3333333333333333,0.5,0.408248290463863,8,0.001,resize_smaller
9,VALIDATION,0.5217391304347826,0.47619047619047616,0.45454545454545453,0.5833333333333334,0.5149286505444373,8,0.001,resize_smaller
9,TEST,0.6666666666666666,0.7142857142857143,0.8333333333333334,0.5,0.6454972243679028,8,0.001,resize_smaller
10,VALIDATION,0.5652173913043478,0.5833333333333334,0.6363636363636364,0.5,0.5640760748177662,8,0.001,resize_smaller
10,TEST,0.4166666666666667,0.5333333333333333,0.8,0.14285714285714285,0.3380617018914066,8,0.001,resize_smaller
MEAN,VALIDATION,0.5347826086956521,0.5148354314057639,0.5363636363636364,0.5333333333333333,0.5205344282425839,8,0.001,resize_smaller
MEAN,TEST,0.4814102564102565,0.5057797104855928,0.5966666666666666,0.3833333333333333,0.4420628445362409,8,0.001,resize_smaller
1,VALIDATION,0.5217391304347826,0.0,0.0,1.0,0.0,16,1e-05,resize_smaller
1,TEST,0.5384615384615384,0.0,0.0,1.0,0.0,16,1e-05,resize_smaller
2,VALIDATION,0.5217391304347826,0.0,0.0,1.0,0.0,16,1e-05,resize_smaller
2,TEST,0.6153846153846154,0.2857142857142857,0.16666666666666666,1.0,0.408248290463863,16,1e-05,resize_smaller
3,VALIDATION,0.5217391304347826,0.0,0.0,1.0,0.0,16,1e-05,resize_smaller
3,TEST,0.46153846153846156,0.0,0.0,0.8571428571428571,0.0,16,1e-05,resize_smaller
4,VALIDATION,0.5217391304347826,0.0,0.0,1.0,0.0,16,1e-05,resize_smaller
4,TEST,0.5384615384615384,0.0,0.0,1.0,0.0,16,1e-05,resize_smaller
5,VALIDATION,0.43478260869565216,0.5185185185185185,0.6363636363636364,0.25,0.3988620176087328,16,1e-05,resize_smaller
5,TEST,0.6153846153846154,0.7058823529411765,1.0,0.2857142857142857,0.5345224838248488,16,1e-05,resize_smaller
6,VALIDATION,0.5652173913043478,0.6428571428571429,0.8181818181818182,0.3333333333333333,0.5222329678670935,16,1e-05,resize_smaller
6,TEST,0.3333333333333333,0.2,0.16666666666666666,0.5,0.28867513459481287,16,1e-05,resize_smaller
7,VALIDATION,0.5217391304347826,0.5925925925925926,0.7272727272727273,0.3333333333333333,0.49236596391733095,16,1e-05,resize_smaller
7,TEST,0.5,0.625,0.8333333333333334,0.16666666666666666,0.37267799624996495,16,1e-05,resize_smaller
8,VALIDATION,0.4782608695652174,0.6470588235294118,1.0,0.0,0.0,16,1e-05,resize_smaller
8,TEST,0.5,0.6666666666666666,1.0,0.0,0.0,16,1e-05,resize_smaller
9,VALIDATION,0.4782608695652174,0.6470588235294118,1.0,0.0,0.0,16,1e-05,resize_smaller
9,TEST,0.5,0.6666666666666666,1.0,0.0,0.0,16,1e-05,resize_smaller
10,VALIDATION,0.6086956521739131,0.7096774193548387,1.0,0.25,0.5,16,1e-05,resize_smaller
10,TEST,0.4166666666666667,0.5333333333333333,0.8,0.14285714285714285,0.3380617018914066,16,1e-05,resize_smaller
MEAN,VALIDATION,0.5173913043478262,0.3757763320381916,0.5181818181818182,0.5166666666666666,0.19134609493931573,16,1e-05,resize_smaller
MEAN,TEST,0.5019230769230769,0.3683263305322128,0.4966666666666666,0.49523809523809526,0.1942185607024896,16,1e-05,resize_smaller
1,VALIDATION,0.6521739130434783,0.6363636363636364,0.6363636363636364,0.6666666666666666,0.6513389472789296,16,0.0001,resize_smaller
1,TEST,0.6153846153846154,0.5454545454545454,0.5,0.7142857142857143,0.5976143046671968,16,0.0001,resize_smaller
2,VALIDATION,0.391304347826087,0.4166666666666667,0.45454545454545453,0.3333333333333333,0.38924947208076144,16,0.0001,resize_smaller
2,TEST,0.46153846153846156,0.5333333333333333,0.6666666666666666,0.2857142857142857,0.4364357804719847,16,0.0001,resize_smaller
3,VALIDATION,0.43478260869565216,0.23529411764705882,0.18181818181818182,0.6666666666666666,0.3481553119113957,16,0.0001,resize_smaller
3,TEST,0.38461538461538464,0.3333333333333333,0.3333333333333333,0.42857142857142855,0.3779644730092272,16,0.0001,resize_smaller
4,VALIDATION,0.43478260869565216,0.3157894736842105,0.2727272727272727,0.5833333333333334,0.3988620176087328,16,0.0001,resize_smaller
4,TEST,0.5384615384615384,0.4,0.3333333333333333,0.7142857142857143,0.4879500364742666,16,0.0001,resize_smaller
5,VALIDATION,0.43478260869565216,0.48,0.5454545454545454,0.3333333333333333,0.42640143271122083,16,0.0001,resize_smaller
5,TEST,0.5384615384615384,0.5714285714285714,0.6666666666666666,0.42857142857142855,0.5345224838248488,16,0.0001,resize_smaller
6,VALIDATION,0.43478260869565216,0.5185185185185185,0.6363636363636364,0.25,0.3988620176087328,16,0.0001,resize_smaller
6,TEST,0.5,0.6666666666666666,1.0,0.0,0.0,16,0.0001,resize_smaller
7,VALIDATION,0.5217391304347826,0.5925925925925926,0.7272727272727273,0.3333333333333333,0.49236596391733095,16,0.0001,resize_smaller
7,TEST,0.8333333333333334,0.8571428571428571,1.0,0.6666666666666666,0.816496580927726,16,0.0001,resize_smaller
8,VALIDATION,0.391304347826087,0.5,0.6363636363636364,0.16666666666666666,0.3256694736394648,16,0.0001,resize_smaller
8,TEST,0.3333333333333333,0.42857142857142855,0.5,0.16666666666666666,0.28867513459481287,16,0.0001,resize_smaller
9,VALIDATION,0.5652173913043478,0.5,0.45454545454545453,0.6666666666666666,0.5504818825631803,16,0.0001,resize_smaller
9,TEST,0.5833333333333334,0.6153846153846154,0.6666666666666666,0.5,0.5773502691896257,16,0.0001,resize_smaller
10,VALIDATION,0.6086956521739131,0.6896551724137931,0.9090909090909091,0.3333333333333333,0.5504818825631803,16,0.0001,resize_smaller
10,TEST,0.5,0.5714285714285714,0.8,0.2857142857142857,0.47809144373375745,16,0.0001,resize_smaller
MEAN,VALIDATION,0.48695652173913045,0.4884880177886476,0.5454545454545454,0.4333333333333333,0.45318684018829297,16,0.0001,resize_smaller
MEAN,TEST,0.5288461538461539,0.5522743922743922,0.6466666666666667,0.41904761904761906,0.4595100506893446,16,0.0001,resize_smaller
1,VALIDATION,0.6086956521739131,0.6666666666666666,0.8181818181818182,0.4166666666666667,0.5838742081211422,16,0.001,resize_smaller
1,TEST,0.5384615384615384,0.625,0.8333333333333334,0.2857142857142857,0.4879500364742666,16,0.001,resize_smaller
2,VALIDATION,0.5217391304347826,0.47619047619047616,0.45454545454545453,0.5833333333333334,0.5149286505444373,16,0.001,resize_smaller
2,TEST,0.6923076923076923,0.6666666666666666,0.6666666666666666,0.7142857142857143,0.6900655593423543,16,0.001,resize_smaller
3,VALIDATION,0.4782608695652174,0.5714285714285714,0.7272727272727273,0.25,0.4264014327112209,16,0.001,resize_smaller
3,TEST,0.38461538461538464,0.42857142857142855,0.5,0.2857142857142857,0.3779644730092272,16,0.001,resize_smaller
4,VALIDATION,0.4782608695652174,0.45454545454545453,0.45454545454545453,0.5,0.4767312946227962,16,0.001,resize_smaller
4,TEST,0.5384615384615384,0.5,0.5,0.5714285714285714,0.5345224838248488,16,0.001,resize_smaller
5,VALIDATION,0.5652173913043478,0.5454545454545454,0.5454545454545454,0.5833333333333334,0.5640760748177662,16,0.001,resize_smaller
5,TEST,0.5384615384615384,0.5714285714285714,0.6666666666666666,0.42857142857142855,0.5345224838248488,16,0.001,resize_smaller
6,VALIDATION,0.5652173913043478,0.16666666666666666,0.09090909090909091,1.0,0.30151134457776363,16,0.001,resize_smaller
6,TEST,0.6666666666666666,0.6666666666666666,0.6666666666666666,0.6666666666666666,0.6666666666666666,16,0.001,resize_smaller
7,VALIDATION,0.6086956521739131,0.64,0.7272727272727273,0.5,0.6030226891555273,16,0.001,resize_smaller
7,TEST,0.3333333333333333,0.3333333333333333,0.3333333333333333,0.3333333333333333,0.3333333333333333,16,0.001,resize_smaller
8,VALIDATION,0.5652173913043478,0.5833333333333334,0.6363636363636364,0.5,0.5640760748177662,16,0.001,resize_smaller
8,TEST,0.3333333333333333,0.3333333333333333,0.3333333333333333,0.3333333333333333,0.3333333333333333,16,0.001,resize_smaller
9,VALIDATION,0.6086956521739131,0.64,0.7272727272727273,0.5,0.6030226891555273,16,0.001,resize_smaller
9,TEST,0.6666666666666666,0.7142857142857143,0.8333333333333334,0.5,0.6454972243679028,16,0.001,resize_smaller
10,VALIDATION,0.6086956521739131,0.6896551724137931,0.9090909090909091,0.3333333333333333,0.5504818825631803,16,0.001,resize_smaller
10,TEST,0.4166666666666667,0.5333333333333333,0.8,0.14285714285714285,0.3380617018914066,16,0.001,resize_smaller
MEAN,VALIDATION,0.5608695652173913,0.5433940886699506,0.6090909090909091,0.5166666666666667,0.5188126341087128,16,0.001,resize_smaller
MEAN,TEST,0.510897435897436,0.5372619047619047,0.6133333333333333,0.4261904761904762,0.4941917296068189,16,0.001,resize_smaller
