fold,set,accuracy,f1,tpr,tnr,gmean,batch_size,learning_rate,preprocessed_dir,weight_decay,dropout_prob
1,VALIDATION,0.75,0.7368421052631579,0.7777777777777778,0.7272727272727273,0.7521014330903549,4,0.001,resize_mini_hu_m300_1400_separadas,0,0.2
1,TEST,0.56,0.5217391304347826,0.5,0.6153846153846154,0.5547001962252291,4,0.001,resize_mini_hu_m300_1400_separadas,0,0.2
2,VALIDATION,0.7,0.75,1.0,0.45454545454545453,0.674199862463242,4,0.001,resize_mini_hu_m300_1400_separadas,0,0.2
2,TEST,0.52,0.5714285714285714,0.6666666666666666,0.38461538461538464,0.5063696835418333,4,0.001,resize_mini_hu_m300_1400_separadas,0,0.2
3,VALIDATION,0.75,0.7058823529411765,0.6666666666666666,0.8181818181818182,0.7385489458759964,4,0.001,resize_mini_hu_m300_1400_separadas,0,0.2
3,TEST,0.52,0.5,0.5,0.5384615384615384,0.5188745216627708,4,0.001,resize_mini_hu_m300_1400_separadas,0,0.2
4,VALIDATION,0.6,0.6666666666666666,0.8888888888888888,0.36363636363636365,0.5685352436149611,4,0.001,resize_mini_hu_m300_1400_separadas,0,0.2
4,TEST,0.52,0.6666666666666666,1.0,0.07692307692307693,0.2773500981126146,4,0.001,resize_mini_hu_m300_1400_separadas,0,0.2
5,VALIDATION,0.65,0.6956521739130435,0.8,0.5,0.6324555320336759,4,0.001,resize_mini_hu_m300_1400_separadas,0,0.2
5,TEST,0.6,0.6428571428571429,0.8181818181818182,0.42857142857142855,0.592156525463792,4,0.001,resize_mini_hu_m300_1400_separadas,0,0.2
MEAN,VALIDATION,0.6900000000000001,0.7110086597568089,0.8266666666666665,0.5727272727272728,0.673168203415646,4,0.001,resize_mini_hu_m300_1400_separadas,0,0.2
MEAN,TEST,0.544,0.5805383022774326,0.696969696969697,0.4087912087912088,0.489890205001248,4,0.001,resize_mini_hu_m300_1400_separadas,0,0.2
1,VALIDATION,0.7,0.7,0.7777777777777778,0.6363636363636364,0.7035264706814485,4,0.001,resize_mini_hu_m300_1400_separadas,0,0.3
1,TEST,0.6,0.6428571428571429,0.75,0.46153846153846156,0.5883484054145521,4,0.001,resize_mini_hu_m300_1400_separadas,0,0.3
2,VALIDATION,0.7,0.75,1.0,0.45454545454545453,0.674199862463242,4,0.001,resize_mini_hu_m300_1400_separadas,0,0.3
2,TEST,0.64,0.7272727272727273,1.0,0.3076923076923077,0.5547001962252291,4,0.001,resize_mini_hu_m300_1400_separadas,0,0.3
3,VALIDATION,0.65,0.6666666666666666,0.7777777777777778,0.5454545454545454,0.6513389472789296,4,0.001,resize_mini_hu_m300_1400_separadas,0,0.3
3,TEST,0.64,0.6896551724137931,0.8333333333333334,0.46153846153846156,0.6201736729460423,4,0.001,resize_mini_hu_m300_1400_separadas,0,0.3
4,VALIDATION,0.7,0.7272727272727273,0.8888888888888888,0.5454545454545454,0.6963106238227913,4,0.001,resize_mini_hu_m300_1400_separadas,0,0.3
4,TEST,0.44,0.6111111111111112,0.9166666666666666,0.0,0.0,4,0.001,resize_mini_hu_m300_1400_separadas,0,0.3
5,VALIDATION,0.65,0.5333333333333333,0.4,0.9,0.6000000000000001,4,0.001,resize_mini_hu_m300_1400_separadas,0,0.3
5,TEST,0.92,0.9,0.8181818181818182,1.0,0.9045340337332909,4,0.001,resize_mini_hu_m300_1400_separadas,0,0.3
MEAN,VALIDATION,0.6799999999999999,0.6754545454545454,0.7688888888888888,0.6163636363636363,0.6650751808492823,4,0.001,resize_mini_hu_m300_1400_separadas,0,0.3
MEAN,TEST,0.6479999999999999,0.7141792307309549,0.8636363636363636,0.4461538461538462,0.5335512616638229,4,0.001,resize_mini_hu_m300_1400_separadas,0,0.3
1,VALIDATION,0.75,0.7058823529411765,0.6666666666666666,0.8181818181818182,0.7385489458759964,4,0.001,resize_mini_hu_m300_1400_separadas,0,0.4
1,TEST,0.52,0.4,0.3333333333333333,0.6923076923076923,0.48038446141526137,4,0.001,resize_mini_hu_m300_1400_separadas,0,0.4
2,VALIDATION,0.6,0.6363636363636364,0.7777777777777778,0.45454545454545453,0.5945883900105632,4,0.001,resize_mini_hu_m300_1400_separadas,0,0.4
2,TEST,0.64,0.6896551724137931,0.8333333333333334,0.46153846153846156,0.6201736729460423,4,0.001,resize_mini_hu_m300_1400_separadas,0,0.4
3,VALIDATION,0.7,0.7,0.7777777777777778,0.6363636363636364,0.7035264706814485,4,0.001,resize_mini_hu_m300_1400_separadas,0,0.4
3,TEST,0.64,0.6896551724137931,0.8333333333333334,0.46153846153846156,0.6201736729460423,4,0.001,resize_mini_hu_m300_1400_separadas,0,0.4
4,VALIDATION,0.7,0.7272727272727273,0.8888888888888888,0.5454545454545454,0.6963106238227913,4,0.001,resize_mini_hu_m300_1400_separadas,0,0.4
4,TEST,0.48,0.6285714285714286,0.9166666666666666,0.07692307692307693,0.2655425022718972,4,0.001,resize_mini_hu_m300_1400_separadas,0,0.4
5,VALIDATION,0.7,0.6666666666666666,0.6,0.8,0.6928203230275509,4,0.001,resize_mini_hu_m300_1400_separadas,0,0.4
5,TEST,0.72,0.6956521739130435,0.7272727272727273,0.7142857142857143,0.7207499701564473,4,0.001,resize_mini_hu_m300_1400_separadas,0,0.4
MEAN,VALIDATION,0.6900000000000001,0.6872370766488414,0.7422222222222222,0.650909090909091,0.6851589506836702,4,0.001,resize_mini_hu_m300_1400_separadas,0,0.4
MEAN,TEST,0.6,0.6207067894624116,0.7287878787878788,0.4813186813186813,0.541404855947138,4,0.001,resize_mini_hu_m300_1400_separadas,0,0.4
1,VALIDATION,0.75,0.7619047619047619,0.8888888888888888,0.6363636363636364,0.7521014330903549,4,0.001,resize_mini_hu_m300_1400_separadas,0,0.5
1,TEST,0.52,0.5384615384615384,0.5833333333333334,0.46153846153846156,0.5188745216627708,4,0.001,resize_mini_hu_m300_1400_separadas,0,0.5
2,VALIDATION,0.65,0.5882352941176471,0.5555555555555556,0.7272727272727273,0.6356417261637283,4,0.001,resize_mini_hu_m300_1400_separadas,0,0.5
2,TEST,0.48,0.23529411764705882,0.16666666666666666,0.7692307692307693,0.35805743701971643,4,0.001,resize_mini_hu_m300_1400_separadas,0,0.5
3,VALIDATION,0.65,0.631578947368421,0.6666666666666666,0.6363636363636364,0.6513389472789296,4,0.001,resize_mini_hu_m300_1400_separadas,0,0.5
3,TEST,0.68,0.6923076923076923,0.75,0.6153846153846154,0.6793662204867574,4,0.001,resize_mini_hu_m300_1400_separadas,0,0.5
4,VALIDATION,0.6,0.6363636363636364,0.7777777777777778,0.45454545454545453,0.5945883900105632,4,0.001,resize_mini_hu_m300_1400_separadas,0,0.5
4,TEST,0.48,0.6285714285714286,0.9166666666666666,0.07692307692307693,0.2655425022718972,4,0.001,resize_mini_hu_m300_1400_separadas,0,0.5
5,VALIDATION,0.65,0.6956521739130435,0.8,0.5,0.6324555320336759,4,0.001,resize_mini_hu_m300_1400_separadas,0,0.5
5,TEST,0.6,0.6875,1.0,0.2857142857142857,0.5345224838248488,4,0.001,resize_mini_hu_m300_1400_separadas,0,0.5
MEAN,VALIDATION,0.6599999999999999,0.662746962733502,0.7377777777777779,0.5909090909090909,0.6532252057154504,4,0.001,resize_mini_hu_m300_1400_separadas,0,0.5
MEAN,TEST,0.552,0.5564269553975436,0.6833333333333333,0.4417582417582418,0.4712726330531981,4,0.001,resize_mini_hu_m300_1400_separadas,0,0.5
1,VALIDATION,0.75,0.7368421052631579,0.7777777777777778,0.7272727272727273,0.7521014330903549,8,0.001,resize_mini_hu_m300_1400_separadas,0,0.2
1,TEST,0.48,0.43478260869565216,0.4166666666666667,0.5384615384615384,0.47366546671567095,8,0.001,resize_mini_hu_m300_1400_separadas,0,0.2
2,VALIDATION,0.65,0.5882352941176471,0.5555555555555556,0.7272727272727273,0.6356417261637283,8,0.001,resize_mini_hu_m300_1400_separadas,0,0.2
2,TEST,0.56,0.35294117647058826,0.25,0.8461538461538461,0.45993310550389993,8,0.001,resize_mini_hu_m300_1400_separadas,0,0.2
3,VALIDATION,0.7,0.625,0.5555555555555556,0.8181818181818182,0.6741998624632421,8,0.001,resize_mini_hu_m300_1400_separadas,0,0.2
3,TEST,0.64,0.6666666666666666,0.75,0.5384615384615384,0.6354889093022426,8,0.001,resize_mini_hu_m300_1400_separadas,0,0.2
4,VALIDATION,0.6,0.6363636363636364,0.7777777777777778,0.45454545454545453,0.5945883900105632,8,0.001,resize_mini_hu_m300_1400_separadas,0,0.2
4,TEST,0.52,0.6470588235294118,0.9166666666666666,0.15384615384615385,0.3755338080994054,8,0.001,resize_mini_hu_m300_1400_separadas,0,0.2
5,VALIDATION,0.6,0.6666666666666666,0.8,0.4,0.5656854249492381,8,0.001,resize_mini_hu_m300_1400_separadas,0,0.2
5,TEST,0.52,0.6,0.8181818181818182,0.2857142857142857,0.48349377841522817,8,0.001,resize_mini_hu_m300_1400_separadas,0,0.2
MEAN,VALIDATION,0.6599999999999999,0.6506215404822215,0.6933333333333334,0.6254545454545455,0.6444433673354253,8,0.001,resize_mini_hu_m300_1400_separadas,0,0.2
MEAN,TEST,0.544,0.5402898550724637,0.6303030303030304,0.47252747252747246,0.4856230136072893,8,0.001,resize_mini_hu_m300_1400_separadas,0,0.2
1,VALIDATION,0.7,0.7272727272727273,0.8888888888888888,0.5454545454545454,0.6963106238227913,8,0.001,resize_mini_hu_m300_1400_separadas,0,0.3
1,TEST,0.64,0.6896551724137931,0.8333333333333334,0.46153846153846156,0.6201736729460423,8,0.001,resize_mini_hu_m300_1400_separadas,0,0.3
2,VALIDATION,0.65,0.5882352941176471,0.5555555555555556,0.7272727272727273,0.6356417261637283,8,0.001,resize_mini_hu_m300_1400_separadas,0,0.3
2,TEST,0.56,0.47619047619047616,0.4166666666666667,0.6923076923076923,0.5370861555295747,8,0.001,resize_mini_hu_m300_1400_separadas,0,0.3
3,VALIDATION,0.65,0.6666666666666666,0.7777777777777778,0.5454545454545454,0.6513389472789296,8,0.001,resize_mini_hu_m300_1400_separadas,0,0.3
3,TEST,0.6,0.6666666666666666,0.8333333333333334,0.38461538461538464,0.5661385170722979,8,0.001,resize_mini_hu_m300_1400_separadas,0,0.3
4,VALIDATION,0.6,0.5555555555555556,0.5555555555555556,0.6363636363636364,0.5945883900105632,8,0.001,resize_mini_hu_m300_1400_separadas,0,0.3
4,TEST,0.48,0.6060606060606061,0.8333333333333334,0.15384615384615385,0.3580574370197165,8,0.001,resize_mini_hu_m300_1400_separadas,0,0.3
5,VALIDATION,0.7,0.625,0.5,0.9,0.6708203932499369,8,0.001,resize_mini_hu_m300_1400_separadas,0,0.3
5,TEST,0.68,0.42857142857142855,0.2727272727272727,1.0,0.5222329678670935,8,0.001,resize_mini_hu_m300_1400_separadas,0,0.3
MEAN,VALIDATION,0.6599999999999999,0.6325460487225193,0.6555555555555556,0.6709090909090909,0.6497400161051898,8,0.001,resize_mini_hu_m300_1400_separadas,0,0.3
MEAN,TEST,0.5920000000000001,0.5734288699805941,0.6378787878787879,0.5384615384615384,0.5207377500869449,8,0.001,resize_mini_hu_m300_1400_separadas,0,0.3
1,VALIDATION,0.85,0.8421052631578947,0.8888888888888888,0.8181818181818182,0.8528028654224418,8,0.001,resize_mini_hu_m300_1400_separadas,0,0.4
1,TEST,0.56,0.47619047619047616,0.4166666666666667,0.6923076923076923,0.5370861555295747,8,0.001,resize_mini_hu_m300_1400_separadas,0,0.4
2,VALIDATION,0.65,0.72,1.0,0.36363636363636365,0.6030226891555273,8,0.001,resize_mini_hu_m300_1400_separadas,0,0.4
2,TEST,0.56,0.6666666666666666,0.9166666666666666,0.23076923076923078,0.45993310550389993,8,0.001,resize_mini_hu_m300_1400_separadas,0,0.4
3,VALIDATION,0.7,0.7,0.7777777777777778,0.6363636363636364,0.7035264706814485,8,0.001,resize_mini_hu_m300_1400_separadas,0,0.4
3,TEST,0.6,0.6428571428571429,0.75,0.46153846153846156,0.5883484054145521,8,0.001,resize_mini_hu_m300_1400_separadas,0,0.4
4,VALIDATION,0.65,0.72,1.0,0.36363636363636365,0.6030226891555273,8,0.001,resize_mini_hu_m300_1400_separadas,0,0.4
4,TEST,0.52,0.6666666666666666,1.0,0.07692307692307693,0.2773500981126146,8,0.001,resize_mini_hu_m300_1400_separadas,0,0.4
5,VALIDATION,0.6,0.6,0.6,0.6,0.6,8,0.001,resize_mini_hu_m300_1400_separadas,0,0.4
5,TEST,0.72,0.7407407407407407,0.9090909090909091,0.5714285714285714,0.7207499701564472,8,0.001,resize_mini_hu_m300_1400_separadas,0,0.4
MEAN,VALIDATION,0.6900000000000001,0.7164210526315788,0.8533333333333333,0.5563636363636364,0.6724749428829889,8,0.001,resize_mini_hu_m300_1400_separadas,0,0.4
MEAN,TEST,0.592,0.6386243386243386,0.7984848484848485,0.4065934065934066,0.5166935469434177,8,0.001,resize_mini_hu_m300_1400_separadas,0,0.4
1,VALIDATION,0.65,0.72,1.0,0.36363636363636365,0.6030226891555273,8,0.001,resize_mini_hu_m300_1400_separadas,0,0.5
1,TEST,0.44,0.5882352941176471,0.8333333333333334,0.07692307692307693,0.25318484177091666,8,0.001,resize_mini_hu_m300_1400_separadas,0,0.5
2,VALIDATION,0.65,0.631578947368421,0.6666666666666666,0.6363636363636364,0.6513389472789296,8,0.001,resize_mini_hu_m300_1400_separadas,0,0.5
2,TEST,0.44,0.4166666666666667,0.4166666666666667,0.46153846153846156,0.4385290096535146,8,0.001,resize_mini_hu_m300_1400_separadas,0,0.5
3,VALIDATION,0.75,0.7368421052631579,0.7777777777777778,0.7272727272727273,0.7521014330903549,8,0.001,resize_mini_hu_m300_1400_separadas,0,0.5
3,TEST,0.6,0.6153846153846154,0.6666666666666666,0.5384615384615384,0.599144689515278,8,0.001,resize_mini_hu_m300_1400_separadas,0,0.5
4,VALIDATION,0.55,0.5714285714285714,0.6666666666666666,0.45454545454545453,0.5504818825631803,8,0.001,resize_mini_hu_m300_1400_separadas,0,0.5
4,TEST,0.52,0.625,0.8333333333333334,0.23076923076923078,0.4385290096535146,8,0.001,resize_mini_hu_m300_1400_separadas,0,0.5
5,VALIDATION,0.6,0.6666666666666666,0.8,0.4,0.5656854249492381,8,0.001,resize_mini_hu_m300_1400_separadas,0,0.5
5,TEST,0.6,0.6875,1.0,0.2857142857142857,0.5345224838248488,8,0.001,resize_mini_hu_m300_1400_separadas,0,0.5
MEAN,VALIDATION,0.6399999999999999,0.6653032581453634,0.7822222222222222,0.5163636363636364,0.6245260754074461,8,0.001,resize_mini_hu_m300_1400_separadas,0,0.5
MEAN,TEST,0.52,0.5865573152337858,0.75,0.3186813186813187,0.4527820068836145,8,0.001,resize_mini_hu_m300_1400_separadas,0,0.5
1,VALIDATION,0.65,0.6956521739130435,0.8888888888888888,0.45454545454545453,0.6356417261637282,16,0.001,resize_mini_hu_m300_1400_separadas,0,0.2
1,TEST,0.52,0.5714285714285714,0.6666666666666666,0.38461538461538464,0.5063696835418333,16,0.001,resize_mini_hu_m300_1400_separadas,0,0.2
2,VALIDATION,0.7,0.625,0.5555555555555556,0.8181818181818182,0.6741998624632421,16,0.001,resize_mini_hu_m300_1400_separadas,0,0.2
2,TEST,0.56,0.47619047619047616,0.4166666666666667,0.6923076923076923,0.5370861555295747,16,0.001,resize_mini_hu_m300_1400_separadas,0,0.2
3,VALIDATION,0.75,0.7368421052631579,0.7777777777777778,0.7272727272727273,0.7521014330903549,16,0.001,resize_mini_hu_m300_1400_separadas,0,0.2
3,TEST,0.56,0.6206896551724138,0.75,0.38461538461538464,0.5370861555295747,16,0.001,resize_mini_hu_m300_1400_separadas,0,0.2
4,VALIDATION,0.65,0.6956521739130435,0.8888888888888888,0.45454545454545453,0.6356417261637282,16,0.001,resize_mini_hu_m300_1400_separadas,0,0.2
4,TEST,0.48,0.6285714285714286,0.9166666666666666,0.07692307692307693,0.2655425022718972,16,0.001,resize_mini_hu_m300_1400_separadas,0,0.2
5,VALIDATION,0.65,0.6956521739130435,0.8,0.5,0.6324555320336759,16,0.001,resize_mini_hu_m300_1400_separadas,0,0.2
5,TEST,0.68,0.7333333333333333,1.0,0.42857142857142855,0.6546536707079771,16,0.001,resize_mini_hu_m300_1400_separadas,0,0.2
MEAN,VALIDATION,0.6799999999999999,0.6897597254004577,0.7822222222222223,0.5909090909090909,0.6660080559829458,16,0.001,resize_mini_hu_m300_1400_separadas,0,0.2
MEAN,TEST,0.56,0.6060426929392446,0.75,0.3934065934065934,0.5001476335161714,16,0.001,resize_mini_hu_m300_1400_separadas,0,0.2
1,VALIDATION,0.8,0.8,0.8888888888888888,0.7272727272727273,0.8040302522073697,16,0.001,resize_mini_hu_m300_1400_separadas,0,0.3
1,TEST,0.56,0.6206896551724138,0.75,0.38461538461538464,0.5370861555295747,16,0.001,resize_mini_hu_m300_1400_separadas,0,0.3
2,VALIDATION,0.6,0.5555555555555556,0.5555555555555556,0.6363636363636364,0.5945883900105632,16,0.001,resize_mini_hu_m300_1400_separadas,0,0.3
2,TEST,0.64,0.6896551724137931,0.8333333333333334,0.46153846153846156,0.6201736729460423,16,0.001,resize_mini_hu_m300_1400_separadas,0,0.3
3,VALIDATION,0.65,0.631578947368421,0.6666666666666666,0.6363636363636364,0.6513389472789296,16,0.001,resize_mini_hu_m300_1400_separadas,0,0.3
3,TEST,0.68,0.7142857142857143,0.8333333333333334,0.5384615384615384,0.6698641270570836,16,0.001,resize_mini_hu_m300_1400_separadas,0,0.3
4,VALIDATION,0.65,0.5882352941176471,0.5555555555555556,0.7272727272727273,0.6356417261637283,16,0.001,resize_mini_hu_m300_1400_separadas,0,0.3
4,TEST,0.72,0.7586206896551724,0.9166666666666666,0.5384615384615384,0.7025594235292439,16,0.001,resize_mini_hu_m300_1400_separadas,0,0.3
5,VALIDATION,0.6,0.5555555555555556,0.5,0.7,0.5916079783099616,16,0.001,resize_mini_hu_m300_1400_separadas,0,0.3
5,TEST,0.8,0.782608695652174,0.8181818181818182,0.7857142857142857,0.8017837257372732,16,0.001,resize_mini_hu_m300_1400_separadas,0,0.3
MEAN,VALIDATION,0.6599999999999999,0.6261850705194358,0.6333333333333334,0.6854545454545455,0.6554414587941105,16,0.001,resize_mini_hu_m300_1400_separadas,0,0.3
MEAN,TEST,0.68,0.7131719854358535,0.8303030303030303,0.5417582417582417,0.6662934209598437,16,0.001,resize_mini_hu_m300_1400_separadas,0,0.3
1,VALIDATION,0.7,0.7,0.7777777777777778,0.6363636363636364,0.7035264706814485,16,0.001,resize_mini_hu_m300_1400_separadas,0,0.4
1,TEST,0.6,0.5833333333333334,0.5833333333333334,0.6153846153846154,0.5991446895152781,16,0.001,resize_mini_hu_m300_1400_separadas,0,0.4
2,VALIDATION,0.6,0.6363636363636364,0.7777777777777778,0.45454545454545453,0.5945883900105632,16,0.001,resize_mini_hu_m300_1400_separadas,0,0.4
2,TEST,0.64,0.6666666666666666,0.75,0.5384615384615384,0.6354889093022426,16,0.001,resize_mini_hu_m300_1400_separadas,0,0.4
3,VALIDATION,0.65,0.631578947368421,0.6666666666666666,0.6363636363636364,0.6513389472789296,16,0.001,resize_mini_hu_m300_1400_separadas,0,0.4
3,TEST,0.68,0.7142857142857143,0.8333333333333334,0.5384615384615384,0.6698641270570836,16,0.001,resize_mini_hu_m300_1400_separadas,0,0.4
4,VALIDATION,0.55,0.5263157894736842,0.5555555555555556,0.5454545454545454,0.5504818825631803,16,0.001,resize_mini_hu_m300_1400_separadas,0,0.4
4,TEST,0.52,0.6470588235294118,0.9166666666666666,0.15384615384615385,0.3755338080994054,16,0.001,resize_mini_hu_m300_1400_separadas,0,0.4
5,VALIDATION,0.65,0.5882352941176471,0.5,0.8,0.6324555320336759,16,0.001,resize_mini_hu_m300_1400_separadas,0,0.4
5,TEST,0.64,0.4,0.2727272727272727,0.9285714285714286,0.5032362797401965,16,0.001,resize_mini_hu_m300_1400_separadas,0,0.4
MEAN,VALIDATION,0.63,0.6164987334646778,0.6555555555555556,0.6145454545454545,0.6264782445135595,16,0.001,resize_mini_hu_m300_1400_separadas,0,0.4
MEAN,TEST,0.616,0.6022689075630252,0.6712121212121213,0.554945054945055,0.5566535627428413,16,0.001,resize_mini_hu_m300_1400_separadas,0,0.4
1,VALIDATION,0.65,0.36363636363636365,0.2222222222222222,1.0,0.4714045207910317,16,0.001,resize_mini_hu_m300_1400_separadas,0,0.5
1,TEST,0.6,0.375,0.25,0.9230769230769231,0.4803844614152614,16,0.001,resize_mini_hu_m300_1400_separadas,0,0.5
2,VALIDATION,0.6,0.6923076923076923,1.0,0.2727272727272727,0.5222329678670935,16,0.001,resize_mini_hu_m300_1400_separadas,0,0.5
2,TEST,0.6,0.7058823529411765,1.0,0.23076923076923078,0.4803844614152614,16,0.001,resize_mini_hu_m300_1400_separadas,0,0.5
3,VALIDATION,0.55,0.6666666666666666,1.0,0.18181818181818182,0.4264014327112209,16,0.001,resize_mini_hu_m300_1400_separadas,0,0.5
3,TEST,0.6,0.6875,0.9166666666666666,0.3076923076923077,0.5310850045437944,16,0.001,resize_mini_hu_m300_1400_separadas,0,0.5
4,VALIDATION,0.6,0.5,0.4444444444444444,0.7272727272727273,0.5685352436149611,16,0.001,resize_mini_hu_m300_1400_separadas,0,0.5
4,TEST,0.84,0.8333333333333334,0.8333333333333334,0.8461538461538461,0.8397191227596316,16,0.001,resize_mini_hu_m300_1400_separadas,0,0.5
5,VALIDATION,0.65,0.6956521739130435,0.8,0.5,0.6324555320336759,16,0.001,resize_mini_hu_m300_1400_separadas,0,0.5
5,TEST,0.6,0.6875,1.0,0.2857142857142857,0.5345224838248488,16,0.001,resize_mini_hu_m300_1400_separadas,0,0.5
MEAN,VALIDATION,0.61,0.5836525793047531,0.6933333333333334,0.5363636363636364,0.5242059394035966,16,0.001,resize_mini_hu_m300_1400_separadas,0,0.5
MEAN,TEST,0.6479999999999999,0.6578431372549021,0.8,0.5186813186813187,0.5732191067917596,16,0.001,resize_mini_hu_m300_1400_separadas,0,0.5
1,VALIDATION,0.85,0.8235294117647058,0.7777777777777778,0.9090909090909091,0.8408749651825217,32,0.001,resize_mini_hu_m300_1400_separadas,0,0.2
1,TEST,0.56,0.5217391304347826,0.5,0.6153846153846154,0.5547001962252291,32,0.001,resize_mini_hu_m300_1400_separadas,0,0.2
2,VALIDATION,0.7,0.625,0.5555555555555556,0.8181818181818182,0.6741998624632421,32,0.001,resize_mini_hu_m300_1400_separadas,0,0.2
2,TEST,0.6,0.375,0.25,0.9230769230769231,0.4803844614152614,32,0.001,resize_mini_hu_m300_1400_separadas,0,0.2
3,VALIDATION,0.8,0.8,0.8888888888888888,0.7272727272727273,0.8040302522073697,32,0.001,resize_mini_hu_m300_1400_separadas,0,0.2
3,TEST,0.68,0.6923076923076923,0.75,0.6153846153846154,0.6793662204867574,32,0.001,resize_mini_hu_m300_1400_separadas,0,0.2
4,VALIDATION,0.6,0.6666666666666666,0.8888888888888888,0.36363636363636365,0.5685352436149611,32,0.001,resize_mini_hu_m300_1400_separadas,0,0.2
4,TEST,0.44,0.6111111111111112,0.9166666666666666,0.0,0.0,32,0.001,resize_mini_hu_m300_1400_separadas,0,0.2
5,VALIDATION,0.65,0.6956521739130435,0.8,0.5,0.6324555320336759,32,0.001,resize_mini_hu_m300_1400_separadas,0,0.2
5,TEST,0.76,0.7857142857142857,1.0,0.5714285714285714,0.7559289460184544,32,0.001,resize_mini_hu_m300_1400_separadas,0,0.2
MEAN,VALIDATION,0.72,0.7221696504688832,0.7822222222222223,0.6636363636363637,0.7040191711003541,32,0.001,resize_mini_hu_m300_1400_separadas,0,0.2
MEAN,TEST,0.608,0.5971744439135743,0.6833333333333333,0.5450549450549451,0.49407596482914046,32,0.001,resize_mini_hu_m300_1400_separadas,0,0.2
1,VALIDATION,0.65,0.6956521739130435,0.8888888888888888,0.45454545454545453,0.6356417261637282,32,0.001,resize_mini_hu_m300_1400_separadas,0,0.3
1,TEST,0.52,0.5384615384615384,0.5833333333333334,0.46153846153846156,0.5188745216627708,32,0.001,resize_mini_hu_m300_1400_separadas,0,0.3
2,VALIDATION,0.6,0.6666666666666666,0.8888888888888888,0.36363636363636365,0.5685352436149611,32,0.001,resize_mini_hu_m300_1400_separadas,0,0.3
2,TEST,0.64,0.7272727272727273,1.0,0.3076923076923077,0.5547001962252291,32,0.001,resize_mini_hu_m300_1400_separadas,0,0.3
3,VALIDATION,0.6,0.6363636363636364,0.7777777777777778,0.45454545454545453,0.5945883900105632,32,0.001,resize_mini_hu_m300_1400_separadas,0,0.3
3,TEST,0.56,0.6451612903225806,0.8333333333333334,0.3076923076923077,0.5063696835418333,32,0.001,resize_mini_hu_m300_1400_separadas,0,0.3
4,VALIDATION,0.55,0.6086956521739131,0.7777777777777778,0.36363636363636365,0.5318160234783105,32,0.001,resize_mini_hu_m300_1400_separadas,0,0.3
4,TEST,0.48,0.6486486486486487,1.0,0.0,0.0,32,0.001,resize_mini_hu_m300_1400_separadas,0,0.3
5,VALIDATION,0.7,0.625,0.5,0.9,0.6708203932499369,32,0.001,resize_mini_hu_m300_1400_separadas,0,0.3
5,TEST,0.68,0.5,0.36363636363636365,0.9285714285714286,0.5810872031479765,32,0.001,resize_mini_hu_m300_1400_separadas,0,0.3
MEAN,VALIDATION,0.6200000000000001,0.6464756258234519,0.7666666666666666,0.5072727272727272,0.6002803553035,32,0.001,resize_mini_hu_m300_1400_separadas,0,0.3
MEAN,TEST,0.5760000000000001,0.611908840941099,0.7560606060606061,0.4010989010989011,0.4322063209155619,32,0.001,resize_mini_hu_m300_1400_separadas,0,0.3
1,VALIDATION,0.6,0.6666666666666666,0.8888888888888888,0.36363636363636365,0.5685352436149611,32,0.001,resize_mini_hu_m300_1400_separadas,0,0.4
1,TEST,0.44,0.5625,0.75,0.15384615384615385,0.3396831102433787,32,0.001,resize_mini_hu_m300_1400_separadas,0,0.4
2,VALIDATION,0.55,0.6086956521739131,0.7777777777777778,0.36363636363636365,0.5318160234783105,32,0.001,resize_mini_hu_m300_1400_separadas,0,0.4
2,TEST,0.6,0.6875,0.9166666666666666,0.3076923076923077,0.5310850045437944,32,0.001,resize_mini_hu_m300_1400_separadas,0,0.4
3,VALIDATION,0.55,0.6666666666666666,1.0,0.18181818181818182,0.4264014327112209,32,0.001,resize_mini_hu_m300_1400_separadas,0,0.4
3,TEST,0.6,0.6875,0.9166666666666666,0.3076923076923077,0.5310850045437944,32,0.001,resize_mini_hu_m300_1400_separadas,0,0.4
4,VALIDATION,0.6,0.6923076923076923,1.0,0.2727272727272727,0.5222329678670935,32,0.001,resize_mini_hu_m300_1400_separadas,0,0.4
4,TEST,0.48,0.6486486486486487,1.0,0.0,0.0,32,0.001,resize_mini_hu_m300_1400_separadas,0,0.4
5,VALIDATION,0.6,0.6666666666666666,0.8,0.4,0.5656854249492381,32,0.001,resize_mini_hu_m300_1400_separadas,0,0.4
5,TEST,0.64,0.7096774193548387,1.0,0.35714285714285715,0.5976143046671968,32,0.001,resize_mini_hu_m300_1400_separadas,0,0.4
MEAN,VALIDATION,0.58,0.660200668896321,0.8933333333333333,0.3163636363636364,0.5229342185241649,32,0.001,resize_mini_hu_m300_1400_separadas,0,0.4
MEAN,TEST,0.552,0.6591652136006975,0.9166666666666666,0.22527472527472528,0.3998934847996328,32,0.001,resize_mini_hu_m300_1400_separadas,0,0.4
1,VALIDATION,0.5,0.6428571428571429,1.0,0.09090909090909091,0.30151134457776363,32,0.001,resize_mini_hu_m300_1400_separadas,0,0.5
1,TEST,0.52,0.6470588235294118,0.9166666666666666,0.15384615384615385,0.3755338080994054,32,0.001,resize_mini_hu_m300_1400_separadas,0,0.5
2,VALIDATION,0.6,0.6923076923076923,1.0,0.2727272727272727,0.5222329678670935,32,0.001,resize_mini_hu_m300_1400_separadas,0,0.5
2,TEST,0.56,0.6857142857142857,1.0,0.15384615384615385,0.3922322702763681,32,0.001,resize_mini_hu_m300_1400_separadas,0,0.5
3,VALIDATION,0.55,0.5714285714285714,0.6666666666666666,0.45454545454545453,0.5504818825631803,32,0.001,resize_mini_hu_m300_1400_separadas,0,0.5
3,TEST,0.56,0.6451612903225806,0.8333333333333334,0.3076923076923077,0.5063696835418333,32,0.001,resize_mini_hu_m300_1400_separadas,0,0.5
4,VALIDATION,0.55,0.64,0.8888888888888888,0.2727272727272727,0.4923659639173309,32,0.001,resize_mini_hu_m300_1400_separadas,0,0.5
4,TEST,0.44,0.6111111111111112,0.9166666666666666,0.0,0.0,32,0.001,resize_mini_hu_m300_1400_separadas,0,0.5
5,VALIDATION,0.6,0.5,0.4,0.8,0.5656854249492381,32,0.001,resize_mini_hu_m300_1400_separadas,0,0.5
5,TEST,0.84,0.8,0.7272727272727273,0.9285714285714286,0.8217814036133182,32,0.001,resize_mini_hu_m300_1400_separadas,0,0.5
MEAN,VALIDATION,0.56,0.6093186813186813,0.7911111111111111,0.3781818181818182,0.48645551677492127,32,0.001,resize_mini_hu_m300_1400_separadas,0,0.5
MEAN,TEST,0.584,0.677809102135478,0.8787878787878787,0.3087912087912088,0.419183433106185,32,0.001,resize_mini_hu_m300_1400_separadas,0,0.5
1,VALIDATION,0.75,0.7368421052631579,0.7777777777777778,0.7272727272727273,0.7521014330903549,4,0.001,resize_mini_hu_m600_1500_separadas,0,0.2
1,TEST,0.64,0.6666666666666666,0.75,0.5384615384615384,0.6354889093022426,4,0.001,resize_mini_hu_m600_1500_separadas,0,0.2
2,VALIDATION,0.65,0.6666666666666666,0.7777777777777778,0.5454545454545454,0.6513389472789296,4,0.001,resize_mini_hu_m600_1500_separadas,0,0.2
2,TEST,0.6,0.6153846153846154,0.6666666666666666,0.5384615384615384,0.599144689515278,4,0.001,resize_mini_hu_m600_1500_separadas,0,0.2
3,VALIDATION,0.75,0.7058823529411765,0.6666666666666666,0.8181818181818182,0.7385489458759964,4,0.001,resize_mini_hu_m600_1500_separadas,0,0.2
3,TEST,0.6,0.6153846153846154,0.6666666666666666,0.5384615384615384,0.599144689515278,4,0.001,resize_mini_hu_m600_1500_separadas,0,0.2
4,VALIDATION,0.55,0.5263157894736842,0.5555555555555556,0.5454545454545454,0.5504818825631803,4,0.001,resize_mini_hu_m600_1500_separadas,0,0.2
4,TEST,0.64,0.64,0.6666666666666666,0.6153846153846154,0.6405126152203485,4,0.001,resize_mini_hu_m600_1500_separadas,0,0.2
5,VALIDATION,0.7,0.7272727272727273,0.8,0.6,0.6928203230275509,4,0.001,resize_mini_hu_m600_1500_separadas,0,0.2
5,TEST,0.72,0.7586206896551724,1.0,0.5,0.7071067811865476,4,0.001,resize_mini_hu_m600_1500_separadas,0,0.2
MEAN,VALIDATION,0.68,0.6725959283234826,0.7155555555555555,0.6472727272727272,0.6770583063672024,4,0.001,resize_mini_hu_m600_1500_separadas,0,0.2
MEAN,TEST,0.64,0.659211317418214,0.7499999999999999,0.5461538461538462,0.6362795369479389,4,0.001,resize_mini_hu_m600_1500_separadas,0,0.2
1,VALIDATION,0.8,0.7777777777777778,0.7777777777777778,0.8181818181818182,0.7977240352174657,4,0.001,resize_mini_hu_m600_1500_separadas,0,0.3
1,TEST,0.56,0.5217391304347826,0.5,0.6153846153846154,0.5547001962252291,4,0.001,resize_mini_hu_m600_1500_separadas,0,0.3
2,VALIDATION,0.6,0.6,0.6666666666666666,0.5454545454545454,0.6030226891555273,4,0.001,resize_mini_hu_m600_1500_separadas,0,0.3
2,TEST,0.52,0.5,0.5,0.5384615384615384,0.5188745216627708,4,0.001,resize_mini_hu_m600_1500_separadas,0,0.3
3,VALIDATION,0.75,0.6153846153846154,0.4444444444444444,1.0,0.6666666666666666,4,0.001,resize_mini_hu_m600_1500_separadas,0,0.3
3,TEST,0.56,0.47619047619047616,0.4166666666666667,0.6923076923076923,0.5370861555295747,4,0.001,resize_mini_hu_m600_1500_separadas,0,0.3
4,VALIDATION,0.65,0.72,1.0,0.36363636363636365,0.6030226891555273,4,0.001,resize_mini_hu_m600_1500_separadas,0,0.3
4,TEST,0.48,0.6486486486486487,1.0,0.0,0.0,4,0.001,resize_mini_hu_m600_1500_separadas,0,0.3
5,VALIDATION,0.75,0.7368421052631579,0.7,0.8,0.7483314773547882,4,0.001,resize_mini_hu_m600_1500_separadas,0,0.3
5,TEST,0.76,0.7692307692307693,0.9090909090909091,0.6428571428571429,0.7644707871564383,4,0.001,resize_mini_hu_m600_1500_separadas,0,0.3
MEAN,VALIDATION,0.71,0.6900008996851101,0.7177777777777777,0.7054545454545454,0.683753511509995,4,0.001,resize_mini_hu_m600_1500_separadas,0,0.3
MEAN,TEST,0.576,0.5831618049009354,0.6651515151515153,0.4978021978021978,0.4750263321148026,4,0.001,resize_mini_hu_m600_1500_separadas,0,0.3
1,VALIDATION,0.75,0.7368421052631579,0.7777777777777778,0.7272727272727273,0.7521014330903549,4,0.001,resize_mini_hu_m600_1500_separadas,0,0.4
1,TEST,0.64,0.6666666666666666,0.75,0.5384615384615384,0.6354889093022426,4,0.001,resize_mini_hu_m600_1500_separadas,0,0.4
2,VALIDATION,0.65,0.6666666666666666,0.7777777777777778,0.5454545454545454,0.6513389472789296,4,0.001,resize_mini_hu_m600_1500_separadas,0,0.4
2,TEST,0.52,0.5,0.5,0.5384615384615384,0.5188745216627708,4,0.001,resize_mini_hu_m600_1500_separadas,0,0.4
3,VALIDATION,0.65,0.6666666666666666,0.7777777777777778,0.5454545454545454,0.6513389472789296,4,0.001,resize_mini_hu_m600_1500_separadas,0,0.4
3,TEST,0.6,0.6666666666666666,0.8333333333333334,0.38461538461538464,0.5661385170722979,4,0.001,resize_mini_hu_m600_1500_separadas,0,0.4
4,VALIDATION,0.6,0.6666666666666666,0.8888888888888888,0.36363636363636365,0.5685352436149611,4,0.001,resize_mini_hu_m600_1500_separadas,0,0.4
4,TEST,0.52,0.6,0.75,0.3076923076923077,0.4803844614152614,4,0.001,resize_mini_hu_m600_1500_separadas,0,0.4
5,VALIDATION,0.8,0.7777777777777778,0.7,0.9,0.7937253933193772,4,0.001,resize_mini_hu_m600_1500_separadas,0,0.4
5,TEST,0.8,0.782608695652174,0.8181818181818182,0.7857142857142857,0.8017837257372732,4,0.001,resize_mini_hu_m600_1500_separadas,0,0.4
MEAN,VALIDATION,0.6900000000000001,0.7029239766081871,0.7844444444444445,0.6163636363636363,0.6834079929165104,4,0.001,resize_mini_hu_m600_1500_separadas,0,0.4
MEAN,TEST,0.616,0.6431884057971013,0.7303030303030303,0.510989010989011,0.6005340270379692,4,0.001,resize_mini_hu_m600_1500_separadas,0,0.4
1,VALIDATION,0.7,0.7272727272727273,0.8888888888888888,0.5454545454545454,0.6963106238227913,4,0.001,resize_mini_hu_m600_1500_separadas,0,0.5
1,TEST,0.56,0.6451612903225806,0.8333333333333334,0.3076923076923077,0.5063696835418333,4,0.001,resize_mini_hu_m600_1500_separadas,0,0.5
2,VALIDATION,0.65,0.6666666666666666,0.7777777777777778,0.5454545454545454,0.6513389472789296,4,0.001,resize_mini_hu_m600_1500_separadas,0,0.5
2,TEST,0.52,0.5384615384615384,0.5833333333333334,0.46153846153846156,0.5188745216627708,4,0.001,resize_mini_hu_m600_1500_separadas,0,0.5
3,VALIDATION,0.6,0.6923076923076923,1.0,0.2727272727272727,0.5222329678670935,4,0.001,resize_mini_hu_m600_1500_separadas,0,0.5
3,TEST,0.56,0.6857142857142857,1.0,0.15384615384615385,0.3922322702763681,4,0.001,resize_mini_hu_m600_1500_separadas,0,0.5
4,VALIDATION,0.6,0.5,0.4444444444444444,0.7272727272727273,0.5685352436149611,4,0.001,resize_mini_hu_m600_1500_separadas,0,0.5
4,TEST,0.6,0.4444444444444444,0.3333333333333333,0.8461538461538461,0.5310850045437944,4,0.001,resize_mini_hu_m600_1500_separadas,0,0.5
5,VALIDATION,0.8,0.7777777777777778,0.7,0.9,0.7937253933193772,4,0.001,resize_mini_hu_m600_1500_separadas,0,0.5
5,TEST,0.8,0.8148148148148148,1.0,0.6428571428571429,0.8017837257372732,4,0.001,resize_mini_hu_m600_1500_separadas,0,0.5
MEAN,VALIDATION,0.6700000000000002,0.6728049728049728,0.7622222222222221,0.5981818181818181,0.6464286351806307,4,0.001,resize_mini_hu_m600_1500_separadas,0,0.5
MEAN,TEST,0.608,0.6257192747515328,0.7500000000000001,0.48241758241758237,0.5500690411524081,4,0.001,resize_mini_hu_m600_1500_separadas,0,0.5
1,VALIDATION,0.8,0.8,0.8888888888888888,0.7272727272727273,0.8040302522073697,8,0.001,resize_mini_hu_m600_1500_separadas,0,0.2
1,TEST,0.6,0.6428571428571429,0.75,0.46153846153846156,0.5883484054145521,8,0.001,resize_mini_hu_m600_1500_separadas,0,0.2
2,VALIDATION,0.65,0.72,1.0,0.36363636363636365,0.6030226891555273,8,0.001,resize_mini_hu_m600_1500_separadas,0,0.2
2,TEST,0.52,0.6470588235294118,0.9166666666666666,0.15384615384615385,0.3755338080994054,8,0.001,resize_mini_hu_m600_1500_separadas,0,0.2
3,VALIDATION,0.8,0.75,0.6666666666666666,0.9090909090909091,0.7784989441615229,8,0.001,resize_mini_hu_m600_1500_separadas,0,0.2
3,TEST,0.52,0.45454545454545453,0.4166666666666667,0.6153846153846154,0.5063696835418333,8,0.001,resize_mini_hu_m600_1500_separadas,0,0.2
4,VALIDATION,0.6,0.6,0.6666666666666666,0.5454545454545454,0.6030226891555273,8,0.001,resize_mini_hu_m600_1500_separadas,0,0.2
4,TEST,0.64,0.7096774193548387,0.9166666666666666,0.38461538461538464,0.5937710859953544,8,0.001,resize_mini_hu_m600_1500_separadas,0,0.2
5,VALIDATION,0.8,0.7777777777777778,0.7,0.9,0.7937253933193772,8,0.001,resize_mini_hu_m600_1500_separadas,0,0.2
5,TEST,0.76,0.7,0.6363636363636364,0.8571428571428571,0.7385489458759964,8,0.001,resize_mini_hu_m600_1500_separadas,0,0.2
MEAN,VALIDATION,0.7300000000000001,0.7295555555555555,0.7844444444444443,0.6890909090909091,0.7164599935998648,8,0.001,resize_mini_hu_m600_1500_separadas,0,0.2
MEAN,TEST,0.608,0.6308277680573695,0.7272727272727272,0.4945054945054945,0.5605143857854282,8,0.001,resize_mini_hu_m600_1500_separadas,0,0.2
1,VALIDATION,0.7,0.7,0.7777777777777778,0.6363636363636364,0.7035264706814485,8,0.001,resize_mini_hu_m600_1500_separadas,0,0.3
1,TEST,0.6,0.6428571428571429,0.75,0.46153846153846156,0.5883484054145521,8,0.001,resize_mini_hu_m600_1500_separadas,0,0.3
2,VALIDATION,0.65,0.6956521739130435,0.8888888888888888,0.45454545454545453,0.6356417261637282,8,0.001,resize_mini_hu_m600_1500_separadas,0,0.3
2,TEST,0.52,0.625,0.8333333333333334,0.23076923076923078,0.4385290096535146,8,0.001,resize_mini_hu_m600_1500_separadas,0,0.3
3,VALIDATION,0.75,0.7368421052631579,0.7777777777777778,0.7272727272727273,0.7521014330903549,8,0.001,resize_mini_hu_m600_1500_separadas,0,0.3
3,TEST,0.56,0.56,0.5833333333333334,0.5384615384615384,0.560448538317805,8,0.001,resize_mini_hu_m600_1500_separadas,0,0.3
4,VALIDATION,0.6,0.6666666666666666,0.8888888888888888,0.36363636363636365,0.5685352436149611,8,0.001,resize_mini_hu_m600_1500_separadas,0,0.3
4,TEST,0.44,0.6111111111111112,0.9166666666666666,0.0,0.0,8,0.001,resize_mini_hu_m600_1500_separadas,0,0.3
5,VALIDATION,0.7,0.75,0.9,0.5,0.6708203932499369,8,0.001,resize_mini_hu_m600_1500_separadas,0,0.3
5,TEST,0.6,0.6875,1.0,0.2857142857142857,0.5345224838248488,8,0.001,resize_mini_hu_m600_1500_separadas,0,0.3
MEAN,VALIDATION,0.68,0.7098321891685735,0.8466666666666667,0.5363636363636364,0.666125053360086,8,0.001,resize_mini_hu_m600_1500_separadas,0,0.3
MEAN,TEST,0.544,0.6252936507936508,0.8166666666666668,0.3032967032967033,0.4243696874421442,8,0.001,resize_mini_hu_m600_1500_separadas,0,0.3
1,VALIDATION,0.7,0.7272727272727273,0.8888888888888888,0.5454545454545454,0.6963106238227913,8,0.001,resize_mini_hu_m600_1500_separadas,0,0.4
1,TEST,0.68,0.7142857142857143,0.8333333333333334,0.5384615384615384,0.6698641270570836,8,0.001,resize_mini_hu_m600_1500_separadas,0,0.4
2,VALIDATION,0.65,0.6956521739130435,0.8888888888888888,0.45454545454545453,0.6356417261637282,8,0.001,resize_mini_hu_m600_1500_separadas,0,0.4
2,TEST,0.6,0.6875,0.9166666666666666,0.3076923076923077,0.5310850045437944,8,0.001,resize_mini_hu_m600_1500_separadas,0,0.4
3,VALIDATION,0.7,0.6666666666666666,0.6666666666666666,0.7272727272727273,0.6963106238227914,8,0.001,resize_mini_hu_m600_1500_separadas,0,0.4
3,TEST,0.56,0.6206896551724138,0.75,0.38461538461538464,0.5370861555295747,8,0.001,resize_mini_hu_m600_1500_separadas,0,0.4
4,VALIDATION,0.55,0.5714285714285714,0.6666666666666666,0.45454545454545453,0.5504818825631803,8,0.001,resize_mini_hu_m600_1500_separadas,0,0.4
4,TEST,0.56,0.6451612903225806,0.8333333333333334,0.3076923076923077,0.5063696835418333,8,0.001,resize_mini_hu_m600_1500_separadas,0,0.4
5,VALIDATION,0.8,0.7777777777777778,0.7,0.9,0.7937253933193772,8,0.001,resize_mini_hu_m600_1500_separadas,0,0.4
5,TEST,0.88,0.88,1.0,0.7857142857142857,0.8864052604279183,8,0.001,resize_mini_hu_m600_1500_separadas,0,0.4
MEAN,VALIDATION,0.6799999999999999,0.6877595834117572,0.7622222222222221,0.6163636363636363,0.6744940499383738,8,0.001,resize_mini_hu_m600_1500_separadas,0,0.4
MEAN,TEST,0.656,0.7095273319561417,0.8666666666666668,0.46483516483516485,0.6261620462200408,8,0.001,resize_mini_hu_m600_1500_separadas,0,0.4
1,VALIDATION,0.65,0.72,1.0,0.36363636363636365,0.6030226891555273,8,0.001,resize_mini_hu_m600_1500_separadas,0,0.5
1,TEST,0.56,0.6451612903225806,0.8333333333333334,0.3076923076923077,0.5063696835418333,8,0.001,resize_mini_hu_m600_1500_separadas,0,0.5
2,VALIDATION,0.65,0.6666666666666666,0.7777777777777778,0.5454545454545454,0.6513389472789296,8,0.001,resize_mini_hu_m600_1500_separadas,0,0.5
2,TEST,0.56,0.6206896551724138,0.75,0.38461538461538464,0.5370861555295747,8,0.001,resize_mini_hu_m600_1500_separadas,0,0.5
3,VALIDATION,0.65,0.6666666666666666,0.7777777777777778,0.5454545454545454,0.6513389472789296,8,0.001,resize_mini_hu_m600_1500_separadas,0,0.5
3,TEST,0.56,0.6666666666666666,0.9166666666666666,0.23076923076923078,0.45993310550389993,8,0.001,resize_mini_hu_m600_1500_separadas,0,0.5
4,VALIDATION,0.6,0.5,0.4444444444444444,0.7272727272727273,0.5685352436149611,8,0.001,resize_mini_hu_m600_1500_separadas,0,0.5
4,TEST,0.52,0.25,0.16666666666666666,0.8461538461538461,0.3755338080994054,8,0.001,resize_mini_hu_m600_1500_separadas,0,0.5
5,VALIDATION,0.8,0.7777777777777778,0.7,0.9,0.7937253933193772,8,0.001,resize_mini_hu_m600_1500_separadas,0,0.5
5,TEST,0.8,0.782608695652174,0.8181818181818182,0.7857142857142857,0.8017837257372732,8,0.001,resize_mini_hu_m600_1500_separadas,0,0.5
MEAN,VALIDATION,0.6700000000000002,0.6662222222222222,0.74,0.6163636363636363,0.653592244129545,8,0.001,resize_mini_hu_m600_1500_separadas,0,0.5
MEAN,TEST,0.6,0.593025261562767,0.696969696969697,0.510989010989011,0.5361412956823973,8,0.001,resize_mini_hu_m600_1500_separadas,0,0.5
1,VALIDATION,0.8,0.8,0.8888888888888888,0.7272727272727273,0.8040302522073697,16,0.001,resize_mini_hu_m600_1500_separadas,0,0.2
1,TEST,0.52,0.5384615384615384,0.5833333333333334,0.46153846153846156,0.5188745216627708,16,0.001,resize_mini_hu_m600_1500_separadas,0,0.2
2,VALIDATION,0.65,0.6956521739130435,0.8888888888888888,0.45454545454545453,0.6356417261637282,16,0.001,resize_mini_hu_m600_1500_separadas,0,0.2
2,TEST,0.6,0.6666666666666666,0.8333333333333334,0.38461538461538464,0.5661385170722979,16,0.001,resize_mini_hu_m600_1500_separadas,0,0.2
3,VALIDATION,0.7,0.7,0.7777777777777778,0.6363636363636364,0.7035264706814485,16,0.001,resize_mini_hu_m600_1500_separadas,0,0.2
3,TEST,0.64,0.6666666666666666,0.75,0.5384615384615384,0.6354889093022426,16,0.001,resize_mini_hu_m600_1500_separadas,0,0.2
4,VALIDATION,0.6,0.6,0.6666666666666666,0.5454545454545454,0.6030226891555273,16,0.001,resize_mini_hu_m600_1500_separadas,0,0.2
4,TEST,0.68,0.6923076923076923,0.75,0.6153846153846154,0.6793662204867574,16,0.001,resize_mini_hu_m600_1500_separadas,0,0.2
5,VALIDATION,0.6,0.6,0.6,0.6,0.6,16,0.001,resize_mini_hu_m600_1500_separadas,0,0.2
5,TEST,0.48,0.23529411764705882,0.18181818181818182,0.7142857142857143,0.36037498507822363,16,0.001,resize_mini_hu_m600_1500_separadas,0,0.2
MEAN,VALIDATION,0.6700000000000002,0.6791304347826087,0.7644444444444444,0.5927272727272728,0.6692442276416147,16,0.001,resize_mini_hu_m600_1500_separadas,0,0.2
MEAN,TEST,0.5840000000000001,0.5598793363499246,0.6196969696969697,0.5428571428571429,0.5520486307204585,16,0.001,resize_mini_hu_m600_1500_separadas,0,0.2
1,VALIDATION,0.75,0.7368421052631579,0.7777777777777778,0.7272727272727273,0.7521014330903549,16,0.001,resize_mini_hu_m600_1500_separadas,0,0.3
1,TEST,0.6,0.6153846153846154,0.6666666666666666,0.5384615384615384,0.599144689515278,16,0.001,resize_mini_hu_m600_1500_separadas,0,0.3
2,VALIDATION,0.6,0.6,0.6666666666666666,0.5454545454545454,0.6030226891555273,16,0.001,resize_mini_hu_m600_1500_separadas,0,0.3
2,TEST,0.52,0.5,0.5,0.5384615384615384,0.5188745216627708,16,0.001,resize_mini_hu_m600_1500_separadas,0,0.3
3,VALIDATION,0.6,0.6363636363636364,0.7777777777777778,0.45454545454545453,0.5945883900105632,16,0.001,resize_mini_hu_m600_1500_separadas,0,0.3
3,TEST,0.6,0.6875,0.9166666666666666,0.3076923076923077,0.5310850045437944,16,0.001,resize_mini_hu_m600_1500_separadas,0,0.3
4,VALIDATION,0.6,0.6923076923076923,1.0,0.2727272727272727,0.5222329678670935,16,0.001,resize_mini_hu_m600_1500_separadas,0,0.3
4,TEST,0.44,0.6111111111111112,0.9166666666666666,0.0,0.0,16,0.001,resize_mini_hu_m600_1500_separadas,0,0.3
5,VALIDATION,0.75,0.782608695652174,0.9,0.6,0.7348469228349535,16,0.001,resize_mini_hu_m600_1500_separadas,0,0.3
5,TEST,0.72,0.7586206896551724,1.0,0.5,0.7071067811865476,16,0.001,resize_mini_hu_m600_1500_separadas,0,0.3
MEAN,VALIDATION,0.66,0.6896244259173321,0.8244444444444445,0.52,0.6413584805916985,16,0.001,resize_mini_hu_m600_1500_separadas,0,0.3
MEAN,TEST,0.576,0.6345232832301798,0.7999999999999999,0.3769230769230769,0.4712421993816781,16,0.001,resize_mini_hu_m600_1500_separadas,0,0.3
1,VALIDATION,0.45,0.47619047619047616,0.5555555555555556,0.36363636363636365,0.44946657497549475,16,0.001,resize_mini_hu_m600_1500_separadas,0,0.4
1,TEST,0.4,0.5161290322580645,0.6666666666666666,0.15384615384615385,0.32025630761017426,16,0.001,resize_mini_hu_m600_1500_separadas,0,0.4
2,VALIDATION,0.6,0.6,0.6666666666666666,0.5454545454545454,0.6030226891555273,16,0.001,resize_mini_hu_m600_1500_separadas,0,0.4
2,TEST,0.56,0.56,0.5833333333333334,0.5384615384615384,0.560448538317805,16,0.001,resize_mini_hu_m600_1500_separadas,0,0.4
3,VALIDATION,0.6,0.6363636363636364,0.7777777777777778,0.45454545454545453,0.5945883900105632,16,0.001,resize_mini_hu_m600_1500_separadas,0,0.4
3,TEST,0.56,0.6451612903225806,0.8333333333333334,0.3076923076923077,0.5063696835418333,16,0.001,resize_mini_hu_m600_1500_separadas,0,0.4
4,VALIDATION,0.6,0.5555555555555556,0.5555555555555556,0.6363636363636364,0.5945883900105632,16,0.001,resize_mini_hu_m600_1500_separadas,0,0.4
4,TEST,0.64,0.6666666666666666,0.75,0.5384615384615384,0.6354889093022426,16,0.001,resize_mini_hu_m600_1500_separadas,0,0.4
5,VALIDATION,0.85,0.8421052631578947,0.8,0.9,0.8485281374238571,16,0.001,resize_mini_hu_m600_1500_separadas,0,0.4
5,TEST,0.64,0.5714285714285714,0.5454545454545454,0.7142857142857143,0.6241877839323592,16,0.001,resize_mini_hu_m600_1500_separadas,0,0.4
MEAN,VALIDATION,0.62,0.6220429862535125,0.671111111111111,0.58,0.6180388363152012,16,0.001,resize_mini_hu_m600_1500_separadas,0,0.4
MEAN,TEST,0.56,0.5918771121351766,0.6757575757575758,0.45054945054945056,0.5293502445408829,16,0.001,resize_mini_hu_m600_1500_separadas,0,0.4
1,VALIDATION,0.55,0.64,0.8888888888888888,0.2727272727272727,0.4923659639173309,16,0.001,resize_mini_hu_m600_1500_separadas,0,0.5
1,TEST,0.52,0.625,0.8333333333333334,0.23076923076923078,0.4385290096535146,16,0.001,resize_mini_hu_m600_1500_separadas,0,0.5
2,VALIDATION,0.65,0.6956521739130435,0.8888888888888888,0.45454545454545453,0.6356417261637282,16,0.001,resize_mini_hu_m600_1500_separadas,0,0.5
2,TEST,0.52,0.625,0.8333333333333334,0.23076923076923078,0.4385290096535146,16,0.001,resize_mini_hu_m600_1500_separadas,0,0.5
3,VALIDATION,0.5,0.6428571428571429,1.0,0.09090909090909091,0.30151134457776363,16,0.001,resize_mini_hu_m600_1500_separadas,0,0.5
3,TEST,0.56,0.6857142857142857,1.0,0.15384615384615385,0.3922322702763681,16,0.001,resize_mini_hu_m600_1500_separadas,0,0.5
4,VALIDATION,0.6,0.6923076923076923,1.0,0.2727272727272727,0.5222329678670935,16,0.001,resize_mini_hu_m600_1500_separadas,0,0.5
4,TEST,0.44,0.6111111111111112,0.9166666666666666,0.0,0.0,16,0.001,resize_mini_hu_m600_1500_separadas,0,0.5
5,VALIDATION,0.6,0.6923076923076923,0.9,0.3,0.5196152422706632,16,0.001,resize_mini_hu_m600_1500_separadas,0,0.5
5,TEST,0.6,0.6875,1.0,0.2857142857142857,0.5345224838248488,16,0.001,resize_mini_hu_m600_1500_separadas,0,0.5
MEAN,VALIDATION,0.5800000000000001,0.6726249402771142,0.9355555555555556,0.2781818181818182,0.49427344895931585,16,0.001,resize_mini_hu_m600_1500_separadas,0,0.5
MEAN,TEST,0.528,0.6468650793650793,0.9166666666666667,0.18021978021978022,0.3607625546816492,16,0.001,resize_mini_hu_m600_1500_separadas,0,0.5
1,VALIDATION,0.8,0.8,0.8888888888888888,0.7272727272727273,0.8040302522073697,32,0.001,resize_mini_hu_m600_1500_separadas,0,0.2
1,TEST,0.56,0.56,0.5833333333333334,0.5384615384615384,0.560448538317805,32,0.001,resize_mini_hu_m600_1500_separadas,0,0.2
2,VALIDATION,0.6,0.5555555555555556,0.5555555555555556,0.6363636363636364,0.5945883900105632,32,0.001,resize_mini_hu_m600_1500_separadas,0,0.2
2,TEST,0.48,0.3157894736842105,0.25,0.6923076923076923,0.41602514716892186,32,0.001,resize_mini_hu_m600_1500_separadas,0,0.2
3,VALIDATION,0.75,0.7058823529411765,0.6666666666666666,0.8181818181818182,0.7385489458759964,32,0.001,resize_mini_hu_m600_1500_separadas,0,0.2
3,TEST,0.64,0.64,0.6666666666666666,0.6153846153846154,0.6405126152203485,32,0.001,resize_mini_hu_m600_1500_separadas,0,0.2
4,VALIDATION,0.55,0.5714285714285714,0.6666666666666666,0.45454545454545453,0.5504818825631803,32,0.001,resize_mini_hu_m600_1500_separadas,0,0.2
4,TEST,0.76,0.7857142857142857,0.9166666666666666,0.6153846153846154,0.7510676161988108,32,0.001,resize_mini_hu_m600_1500_separadas,0,0.2
5,VALIDATION,0.75,0.7058823529411765,0.6,0.9,0.7348469228349535,32,0.001,resize_mini_hu_m600_1500_separadas,0,0.2
5,TEST,0.88,0.8421052631578947,0.7272727272727273,1.0,0.8528028654224418,32,0.001,resize_mini_hu_m600_1500_separadas,0,0.2
MEAN,VALIDATION,0.6900000000000001,0.6677497665732961,0.6755555555555556,0.7072727272727273,0.6844992786984126,32,0.001,resize_mini_hu_m600_1500_separadas,0,0.2
MEAN,TEST,0.664,0.6287218045112782,0.6287878787878787,0.6923076923076923,0.6441713564656656,32,0.001,resize_mini_hu_m600_1500_separadas,0,0.2
1,VALIDATION,0.8,0.8,0.8888888888888888,0.7272727272727273,0.8040302522073697,32,0.001,resize_mini_hu_m600_1500_separadas,0,0.3
1,TEST,0.68,0.7142857142857143,0.8333333333333334,0.5384615384615384,0.6698641270570836,32,0.001,resize_mini_hu_m600_1500_separadas,0,0.3
2,VALIDATION,0.6,0.6,0.6666666666666666,0.5454545454545454,0.6030226891555273,32,0.001,resize_mini_hu_m600_1500_separadas,0,0.3
2,TEST,0.52,0.5,0.5,0.5384615384615384,0.5188745216627708,32,0.001,resize_mini_hu_m600_1500_separadas,0,0.3
3,VALIDATION,0.5,0.5833333333333334,0.7777777777777778,0.2727272727272727,0.4605661864718383,32,0.001,resize_mini_hu_m600_1500_separadas,0,0.3
3,TEST,0.56,0.6451612903225806,0.8333333333333334,0.3076923076923077,0.5063696835418333,32,0.001,resize_mini_hu_m600_1500_separadas,0,0.3
4,VALIDATION,0.55,0.5714285714285714,0.6666666666666666,0.45454545454545453,0.5504818825631803,32,0.001,resize_mini_hu_m600_1500_separadas,0,0.3
4,TEST,0.72,0.72,0.75,0.6923076923076923,0.7205766921228921,32,0.001,resize_mini_hu_m600_1500_separadas,0,0.3
5,VALIDATION,0.7,0.7272727272727273,0.8,0.6,0.6928203230275509,32,0.001,resize_mini_hu_m600_1500_separadas,0,0.3
5,TEST,0.8,0.8148148148148148,1.0,0.6428571428571429,0.8017837257372732,32,0.001,resize_mini_hu_m600_1500_separadas,0,0.3
MEAN,VALIDATION,0.6300000000000001,0.6564069264069264,0.76,0.52,0.6221842666850932,32,0.001,resize_mini_hu_m600_1500_separadas,0,0.3
MEAN,TEST,0.656,0.678852363884622,0.7833333333333334,0.5439560439560439,0.6434937500243707,32,0.001,resize_mini_hu_m600_1500_separadas,0,0.3
1,VALIDATION,0.55,0.6666666666666666,1.0,0.18181818181818182,0.4264014327112209,32,0.001,resize_mini_hu_m600_1500_separadas,0,0.4
1,TEST,0.52,0.6470588235294118,0.9166666666666666,0.15384615384615385,0.3755338080994054,32,0.001,resize_mini_hu_m600_1500_separadas,0,0.4
2,VALIDATION,0.65,0.631578947368421,0.6666666666666666,0.6363636363636364,0.6513389472789296,32,0.001,resize_mini_hu_m600_1500_separadas,0,0.4
2,TEST,0.48,0.43478260869565216,0.4166666666666667,0.5384615384615384,0.47366546671567095,32,0.001,resize_mini_hu_m600_1500_separadas,0,0.4
3,VALIDATION,0.45,0.56,0.7777777777777778,0.18181818181818182,0.37605071654517747,32,0.001,resize_mini_hu_m600_1500_separadas,0,0.4
3,TEST,0.6,0.6875,0.9166666666666666,0.3076923076923077,0.5310850045437944,32,0.001,resize_mini_hu_m600_1500_separadas,0,0.4
4,VALIDATION,0.6,0.6923076923076923,1.0,0.2727272727272727,0.5222329678670935,32,0.001,resize_mini_hu_m600_1500_separadas,0,0.4
4,TEST,0.52,0.6470588235294118,0.9166666666666666,0.15384615384615385,0.3755338080994054,32,0.001,resize_mini_hu_m600_1500_separadas,0,0.4
5,VALIDATION,0.8,0.7777777777777778,0.7,0.9,0.7937253933193772,32,0.001,resize_mini_hu_m600_1500_separadas,0,0.4
5,TEST,0.76,0.75,0.8181818181818182,0.7142857142857143,0.7644707871564383,32,0.001,resize_mini_hu_m600_1500_separadas,0,0.4
MEAN,VALIDATION,0.61,0.6656662168241116,0.8288888888888888,0.43454545454545457,0.5539498915443597,32,0.001,resize_mini_hu_m600_1500_separadas,0,0.4
MEAN,TEST,0.576,0.6332800511508951,0.796969696969697,0.37362637362637363,0.5040577749229429,32,0.001,resize_mini_hu_m600_1500_separadas,0,0.4
1,VALIDATION,0.55,0.6666666666666666,1.0,0.18181818181818182,0.4264014327112209,32,0.001,resize_mini_hu_m600_1500_separadas,0,0.5
1,TEST,0.52,0.625,0.8333333333333334,0.23076923076923078,0.4385290096535146,32,0.001,resize_mini_hu_m600_1500_separadas,0,0.5
2,VALIDATION,0.65,0.631578947368421,0.6666666666666666,0.6363636363636364,0.6513389472789296,32,0.001,resize_mini_hu_m600_1500_separadas,0,0.5
2,TEST,0.52,0.5,0.5,0.5384615384615384,0.5188745216627708,32,0.001,resize_mini_hu_m600_1500_separadas,0,0.5
3,VALIDATION,0.55,0.0,0.0,1.0,0.0,32,0.001,resize_mini_hu_m600_1500_separadas,0,0.5
3,TEST,0.52,0.0,0.0,1.0,0.0,32,0.001,resize_mini_hu_m600_1500_separadas,0,0.5
4,VALIDATION,0.55,0.6666666666666666,1.0,0.18181818181818182,0.4264014327112209,32,0.001,resize_mini_hu_m600_1500_separadas,0,0.5
4,TEST,0.44,0.6111111111111112,0.9166666666666666,0.0,0.0,32,0.001,resize_mini_hu_m600_1500_separadas,0,0.5
5,VALIDATION,0.85,0.8571428571428571,0.9,0.8,0.8485281374238571,32,0.001,resize_mini_hu_m600_1500_separadas,0,0.5
5,TEST,0.68,0.7142857142857143,0.9090909090909091,0.5,0.674199862463242,32,0.001,resize_mini_hu_m600_1500_separadas,0,0.5
MEAN,VALIDATION,0.6300000000000001,0.5644110275689223,0.7133333333333333,0.5599999999999999,0.4705339900250457,32,0.001,resize_mini_hu_m600_1500_separadas,0,0.5
MEAN,TEST,0.536,0.4900793650793651,0.6318181818181818,0.45384615384615384,0.3263206787559055,32,0.001,resize_mini_hu_m600_1500_separadas,0,0.5
1,VALIDATION,0.65,0.6666666666666666,0.7777777777777778,0.5454545454545454,0.6513389472789296,4,0.001,resize_mini,0,0.2
1,TEST,0.52,0.5714285714285714,0.6666666666666666,0.38461538461538464,0.5063696835418333,4,0.001,resize_mini,0,0.2
2,VALIDATION,0.65,0.6666666666666666,0.7777777777777778,0.5454545454545454,0.6513389472789296,4,0.001,resize_mini,0,0.2
2,TEST,0.44,0.46153846153846156,0.5,0.38461538461538464,0.4385290096535146,4,0.001,resize_mini,0,0.2
3,VALIDATION,0.65,0.6666666666666666,0.7777777777777778,0.5454545454545454,0.6513389472789296,4,0.001,resize_mini,0,0.2
3,TEST,0.56,0.6206896551724138,0.75,0.38461538461538464,0.5370861555295747,4,0.001,resize_mini,0,0.2
4,VALIDATION,0.65,0.5882352941176471,0.5555555555555556,0.7272727272727273,0.6356417261637283,4,0.001,resize_mini,0,0.2
4,TEST,0.4,0.21052631578947367,0.16666666666666666,0.6153846153846154,0.32025630761017426,4,0.001,resize_mini,0,0.2
5,VALIDATION,0.7,0.7,0.7,0.7,0.7,4,0.001,resize_mini,0,0.2
5,TEST,0.44,0.3,0.2727272727272727,0.5714285714285714,0.39477101697586137,4,0.001,resize_mini,0,0.2
MEAN,VALIDATION,0.6599999999999999,0.6576470588235294,0.7177777777777778,0.6127272727272727,0.6579317136001034,4,0.001,resize_mini,0,0.2
MEAN,TEST,0.472,0.43283660078578406,0.4712121212121211,0.46813186813186813,0.4394024346621917,4,0.001,resize_mini,0,0.2
1,VALIDATION,0.7,0.625,0.5555555555555556,0.8181818181818182,0.6741998624632421,4,0.001,resize_mini,0,0.3
1,TEST,0.44,0.125,0.08333333333333333,0.7692307692307693,0.25318484177091666,4,0.001,resize_mini,0,0.3
2,VALIDATION,0.6,0.6,0.6666666666666666,0.5454545454545454,0.6030226891555273,4,0.001,resize_mini,0,0.3
2,TEST,0.36,0.42857142857142855,0.5,0.23076923076923078,0.3396831102433787,4,0.001,resize_mini,0,0.3
3,VALIDATION,0.6,0.5555555555555556,0.5555555555555556,0.6363636363636364,0.5945883900105632,4,0.001,resize_mini,0,0.3
3,TEST,0.56,0.6206896551724138,0.75,0.38461538461538464,0.5370861555295747,4,0.001,resize_mini,0,0.3
4,VALIDATION,0.7,0.6666666666666666,0.6666666666666666,0.7272727272727273,0.6963106238227914,4,0.001,resize_mini,0,0.3
4,TEST,0.4,0.2857142857142857,0.25,0.5384615384615384,0.3668996928526714,4,0.001,resize_mini,0,0.3
5,VALIDATION,0.7,0.7,0.7,0.7,0.7,4,0.001,resize_mini,0,0.3
5,TEST,0.48,0.43478260869565216,0.45454545454545453,0.5,0.4767312946227962,4,0.001,resize_mini,0,0.3
MEAN,VALIDATION,0.6599999999999999,0.6294444444444445,0.6288888888888889,0.6854545454545455,0.6536243130904248,4,0.001,resize_mini,0,0.3
MEAN,TEST,0.44800000000000006,0.37895159563075603,0.4075757575757576,0.48461538461538456,0.3947170190038675,4,0.001,resize_mini,0,0.3
1,VALIDATION,0.6,0.5,0.4444444444444444,0.7272727272727273,0.5685352436149611,4,0.001,resize_mini,0,0.4
1,TEST,0.68,0.6,0.5,0.8461538461538461,0.6504436355879909,4,0.001,resize_mini,0,0.4
2,VALIDATION,0.6,0.6666666666666666,0.8888888888888888,0.36363636363636365,0.5685352436149611,4,0.001,resize_mini,0,0.4
2,TEST,0.48,0.5806451612903226,0.75,0.23076923076923078,0.41602514716892186,4,0.001,resize_mini,0,0.4
3,VALIDATION,0.5,0.4444444444444444,0.4444444444444444,0.5454545454545454,0.4923659639173309,4,0.001,resize_mini,0,0.4
3,TEST,0.56,0.5925925925925926,0.6666666666666666,0.46153846153846156,0.5547001962252291,4,0.001,resize_mini,0,0.4
4,VALIDATION,0.65,0.36363636363636365,0.2222222222222222,1.0,0.4714045207910317,4,0.001,resize_mini,0,0.4
4,TEST,0.48,0.13333333333333333,0.08333333333333333,0.8461538461538461,0.2655425022718972,4,0.001,resize_mini,0,0.4
5,VALIDATION,0.65,0.72,0.9,0.4,0.6000000000000001,4,0.001,resize_mini,0,0.4
5,TEST,0.44,0.5625,0.8181818181818182,0.14285714285714285,0.34188172937891387,4,0.001,resize_mini,0,0.4
MEAN,VALIDATION,0.6,0.538949494949495,0.58,0.6072727272727272,0.540168194387657,4,0.001,resize_mini,0,0.4
MEAN,TEST,0.528,0.4938142174432497,0.5636363636363636,0.5054945054945055,0.44571864212659057,4,0.001,resize_mini,0,0.4
1,VALIDATION,0.65,0.6666666666666666,0.7777777777777778,0.5454545454545454,0.6513389472789296,4,0.001,resize_mini,0,0.5
1,TEST,0.8,0.8,0.8333333333333334,0.7692307692307693,0.8006407690254357,4,0.001,resize_mini,0,0.5
2,VALIDATION,0.55,0.47058823529411764,0.4444444444444444,0.6363636363636364,0.5318160234783105,4,0.001,resize_mini,0,0.5
2,TEST,0.36,0.2,0.16666666666666666,0.5384615384615384,0.299572344757639,4,0.001,resize_mini,0,0.5
3,VALIDATION,0.55,0.47058823529411764,0.4444444444444444,0.6363636363636364,0.5318160234783105,4,0.001,resize_mini,0,0.5
3,TEST,0.64,0.6666666666666666,0.75,0.5384615384615384,0.6354889093022426,4,0.001,resize_mini,0,0.5
4,VALIDATION,0.65,0.631578947368421,0.6666666666666666,0.6363636363636364,0.6513389472789296,4,0.001,resize_mini,0,0.5
4,TEST,0.44,0.36363636363636365,0.3333333333333333,0.5384615384615384,0.4236592728681617,4,0.001,resize_mini,0,0.5
5,VALIDATION,0.7,0.6666666666666666,0.6,0.8,0.6928203230275509,4,0.001,resize_mini,0,0.5
5,TEST,0.48,0.38095238095238093,0.36363636363636365,0.5714285714285714,0.4558423058385518,4,0.001,resize_mini,0,0.5
MEAN,VALIDATION,0.6200000000000001,0.5812177502579978,0.5866666666666667,0.6509090909090908,0.6118260529084061,4,0.001,resize_mini,0,0.5
MEAN,TEST,0.544,0.48225108225108226,0.48939393939393944,0.5912087912087912,0.5230407203584061,4,0.001,resize_mini,0,0.5
1,VALIDATION,0.8,0.7142857142857143,0.5555555555555556,1.0,0.7453559924999299,8,0.001,resize_mini,0,0.2
1,TEST,0.56,0.35294117647058826,0.25,0.8461538461538461,0.45993310550389993,8,0.001,resize_mini,0,0.2
2,VALIDATION,0.55,0.5714285714285714,0.6666666666666666,0.45454545454545453,0.5504818825631803,8,0.001,resize_mini,0,0.2
2,TEST,0.4,0.34782608695652173,0.3333333333333333,0.46153846153846156,0.3922322702763681,8,0.001,resize_mini,0,0.2
3,VALIDATION,0.55,0.5263157894736842,0.5555555555555556,0.5454545454545454,0.5504818825631803,8,0.001,resize_mini,0,0.2
3,TEST,0.44,0.3,0.25,0.6153846153846154,0.3922322702763681,8,0.001,resize_mini,0,0.2
4,VALIDATION,0.65,0.631578947368421,0.6666666666666666,0.6363636363636364,0.6513389472789296,8,0.001,resize_mini,0,0.2
4,TEST,0.56,0.5217391304347826,0.5,0.6153846153846154,0.5547001962252291,8,0.001,resize_mini,0,0.2
5,VALIDATION,0.65,0.6666666666666666,0.7,0.6,0.648074069840786,8,0.001,resize_mini,0,0.2
5,TEST,0.68,0.6666666666666666,0.7272727272727273,0.6428571428571429,0.6837634587578277,8,0.001,resize_mini,0,0.2
MEAN,VALIDATION,0.64,0.6220551378446115,0.6288888888888889,0.6472727272727272,0.6291465549492011,8,0.001,resize_mini,0,0.2
MEAN,TEST,0.528,0.43783461210571184,0.4121212121212121,0.6362637362637362,0.4965722602079386,8,0.001,resize_mini,0,0.2
1,VALIDATION,0.65,0.5333333333333333,0.4444444444444444,0.8181818181818182,0.6030226891555273,8,0.001,resize_mini,0,0.3
1,TEST,0.64,0.47058823529411764,0.3333333333333333,0.9230769230769231,0.5547001962252291,8,0.001,resize_mini,0,0.3
2,VALIDATION,0.6,0.5,0.4444444444444444,0.7272727272727273,0.5685352436149611,8,0.001,resize_mini,0,0.3
2,TEST,0.48,0.38095238095238093,0.3333333333333333,0.6153846153846154,0.4529108136578383,8,0.001,resize_mini,0,0.3
3,VALIDATION,0.55,0.47058823529411764,0.4444444444444444,0.6363636363636364,0.5318160234783105,8,0.001,resize_mini,0,0.3
3,TEST,0.4,0.34782608695652173,0.3333333333333333,0.46153846153846156,0.3922322702763681,8,0.001,resize_mini,0,0.3
4,VALIDATION,0.65,0.5882352941176471,0.5555555555555556,0.7272727272727273,0.6356417261637283,8,0.001,resize_mini,0,0.3
4,TEST,0.52,0.5384615384615384,0.5833333333333334,0.46153846153846156,0.5188745216627708,8,0.001,resize_mini,0,0.3
5,VALIDATION,0.65,0.5882352941176471,0.5,0.8,0.6324555320336759,8,0.001,resize_mini,0,0.3
5,TEST,0.48,0.3157894736842105,0.2727272727272727,0.6428571428571429,0.4187178946793119,8,0.001,resize_mini,0,0.3
MEAN,VALIDATION,0.62,0.5360784313725491,0.47777777777777775,0.7418181818181818,0.5942942428892406,8,0.001,resize_mini,0,0.3
MEAN,TEST,0.504,0.41072354306975384,0.3712121212121212,0.6208791208791209,0.46748713930030367,8,0.001,resize_mini,0,0.3
1,VALIDATION,0.6,0.6,0.6666666666666666,0.5454545454545454,0.6030226891555273,8,0.001,resize_mini,0,0.4
1,TEST,0.68,0.6363636363636364,0.5833333333333334,0.7692307692307693,0.6698641270570838,8,0.001,resize_mini,0,0.4
2,VALIDATION,0.55,0.5714285714285714,0.6666666666666666,0.45454545454545453,0.5504818825631803,8,0.001,resize_mini,0,0.4
2,TEST,0.4,0.4827586206896552,0.5833333333333334,0.23076923076923078,0.36689969285267143,8,0.001,resize_mini,0,0.4
3,VALIDATION,0.7,0.5714285714285714,0.4444444444444444,0.9090909090909091,0.6356417261637282,8,0.001,resize_mini,0,0.4
3,TEST,0.4,0.21052631578947367,0.16666666666666666,0.6153846153846154,0.32025630761017426,8,0.001,resize_mini,0,0.4
4,VALIDATION,0.65,0.5333333333333333,0.4444444444444444,0.8181818181818182,0.6030226891555273,8,0.001,resize_mini,0,0.4
4,TEST,0.44,0.2222222222222222,0.16666666666666666,0.6923076923076923,0.3396831102433787,8,0.001,resize_mini,0,0.4
5,VALIDATION,0.65,0.631578947368421,0.6,0.7,0.648074069840786,8,0.001,resize_mini,0,0.4
5,TEST,0.44,0.3,0.2727272727272727,0.5714285714285714,0.39477101697586137,8,0.001,resize_mini,0,0.4
MEAN,VALIDATION,0.63,0.5815538847117795,0.5644444444444445,0.6854545454545455,0.6080486113757498,8,0.001,resize_mini,0,0.4
MEAN,TEST,0.472,0.3703741590129975,0.3545454545454546,0.5758241758241758,0.41829485094783403,8,0.001,resize_mini,0,0.4
1,VALIDATION,0.6,0.42857142857142855,0.3333333333333333,0.8181818181818182,0.5222329678670935,8,0.001,resize_mini,0,0.5
1,TEST,0.56,0.35294117647058826,0.25,0.8461538461538461,0.45993310550389993,8,0.001,resize_mini,0,0.5
2,VALIDATION,0.6,0.6363636363636364,0.7777777777777778,0.45454545454545453,0.5945883900105632,8,0.001,resize_mini,0,0.5
2,TEST,0.4,0.4827586206896552,0.5833333333333334,0.23076923076923078,0.36689969285267143,8,0.001,resize_mini,0,0.5
3,VALIDATION,0.7,0.5714285714285714,0.4444444444444444,0.9090909090909091,0.6356417261637282,8,0.001,resize_mini,0,0.5
3,TEST,0.44,0.3,0.25,0.6153846153846154,0.3922322702763681,8,0.001,resize_mini,0,0.5
4,VALIDATION,0.5,0.5833333333333334,0.7777777777777778,0.2727272727272727,0.4605661864718383,8,0.001,resize_mini,0,0.5
4,TEST,0.56,0.5925925925925926,0.6666666666666666,0.46153846153846156,0.5547001962252291,8,0.001,resize_mini,0,0.5
5,VALIDATION,0.6,0.5,0.4,0.8,0.5656854249492381,8,0.001,resize_mini,0,0.5
5,TEST,0.52,0.3333333333333333,0.2727272727272727,0.7142857142857143,0.44136741475237473,8,0.001,resize_mini,0,0.5
MEAN,VALIDATION,0.6,0.543939393939394,0.5466666666666666,0.6509090909090908,0.5557429390924923,8,0.001,resize_mini,0,0.5
MEAN,TEST,0.4960000000000001,0.4123251446172339,0.4045454545454545,0.5736263736263736,0.4430265359221087,8,0.001,resize_mini,0,0.5
1,VALIDATION,0.7,0.625,0.5555555555555556,0.8181818181818182,0.6741998624632421,16,0.001,resize_mini,0,0.2
1,TEST,0.48,0.13333333333333333,0.08333333333333333,0.8461538461538461,0.2655425022718972,16,0.001,resize_mini,0,0.2
2,VALIDATION,0.55,0.5263157894736842,0.5555555555555556,0.5454545454545454,0.5504818825631803,16,0.001,resize_mini,0,0.2
2,TEST,0.36,0.42857142857142855,0.5,0.23076923076923078,0.3396831102433787,16,0.001,resize_mini,0,0.2
3,VALIDATION,0.6,0.5,0.4444444444444444,0.7272727272727273,0.5685352436149611,16,0.001,resize_mini,0,0.2
3,TEST,0.44,0.3,0.25,0.6153846153846154,0.3922322702763681,16,0.001,resize_mini,0,0.2
4,VALIDATION,0.6,0.6,0.6666666666666666,0.5454545454545454,0.6030226891555273,16,0.001,resize_mini,0,0.2
4,TEST,0.4,0.4444444444444444,0.5,0.3076923076923077,0.3922322702763681,16,0.001,resize_mini,0,0.2
5,VALIDATION,0.65,0.5882352941176471,0.5,0.8,0.6324555320336759,16,0.001,resize_mini,0,0.2
5,TEST,0.64,0.47058823529411764,0.36363636363636365,0.8571428571428571,0.5582905262390825,16,0.001,resize_mini,0,0.2
MEAN,VALIDATION,0.62,0.5679102167182662,0.5444444444444445,0.6872727272727273,0.6057390419661173,16,0.001,resize_mini,0,0.2
MEAN,TEST,0.4640000000000001,0.3553874883286648,0.33939393939393947,0.5714285714285714,0.38959613586141895,16,0.001,resize_mini,0,0.2
1,VALIDATION,0.75,0.6153846153846154,0.4444444444444444,1.0,0.6666666666666666,16,0.001,resize_mini,0,0.3
1,TEST,0.64,0.47058823529411764,0.3333333333333333,0.9230769230769231,0.5547001962252291,16,0.001,resize_mini,0,0.3
2,VALIDATION,0.55,0.5714285714285714,0.6666666666666666,0.45454545454545453,0.5504818825631803,16,0.001,resize_mini,0,0.3
2,TEST,0.28,0.25,0.25,0.3076923076923077,0.2773500981126146,16,0.001,resize_mini,0,0.3
3,VALIDATION,0.55,0.47058823529411764,0.4444444444444444,0.6363636363636364,0.5318160234783105,16,0.001,resize_mini,0,0.3
3,TEST,0.44,0.3,0.25,0.6153846153846154,0.3922322702763681,16,0.001,resize_mini,0,0.3
4,VALIDATION,0.65,0.5333333333333333,0.4444444444444444,0.8181818181818182,0.6030226891555273,16,0.001,resize_mini,0,0.3
4,TEST,0.48,0.23529411764705882,0.16666666666666666,0.7692307692307693,0.35805743701971643,16,0.001,resize_mini,0,0.3
5,VALIDATION,0.65,0.6666666666666666,0.7,0.6,0.648074069840786,16,0.001,resize_mini,0,0.3
5,TEST,0.52,0.5384615384615384,0.6363636363636364,0.42857142857142855,0.5222329678670935,16,0.001,resize_mini,0,0.3
MEAN,VALIDATION,0.63,0.5714802844214608,0.54,0.7018181818181819,0.6000122663408941,16,0.001,resize_mini,0,0.3
MEAN,TEST,0.4720000000000001,0.358868778280543,0.32727272727272727,0.6087912087912087,0.42091459390020436,16,0.001,resize_mini,0,0.3
1,VALIDATION,0.55,0.6086956521739131,0.7777777777777778,0.36363636363636365,0.5318160234783105,16,0.001,resize_mini,0,0.4
1,TEST,0.48,0.48,0.5,0.46153846153846156,0.4803844614152614,16,0.001,resize_mini,0,0.4
2,VALIDATION,0.55,0.47058823529411764,0.4444444444444444,0.6363636363636364,0.5318160234783105,16,0.001,resize_mini,0,0.4
2,TEST,0.44,0.3,0.25,0.6153846153846154,0.3922322702763681,16,0.001,resize_mini,0,0.4
3,VALIDATION,0.65,0.36363636363636365,0.2222222222222222,1.0,0.4714045207910317,16,0.001,resize_mini,0,0.4
3,TEST,0.6,0.5,0.4166666666666667,0.7692307692307693,0.5661385170722979,16,0.001,resize_mini,0,0.4
4,VALIDATION,0.55,0.5263157894736842,0.5555555555555556,0.5454545454545454,0.5504818825631803,16,0.001,resize_mini,0,0.4
4,TEST,0.44,0.36363636363636365,0.3333333333333333,0.5384615384615384,0.4236592728681617,16,0.001,resize_mini,0,0.4
5,VALIDATION,0.55,0.18181818181818182,0.1,1.0,0.31622776601683794,16,0.001,resize_mini,0,0.4
5,TEST,0.56,0.0,0.0,1.0,0.0,16,0.001,resize_mini,0,0.4
MEAN,VALIDATION,0.57,0.43021084447925206,0.42000000000000004,0.7090909090909091,0.4803492432655342,16,0.001,resize_mini,0,0.4
MEAN,TEST,0.504,0.3287272727272727,0.3,0.676923076923077,0.37248290432641784,16,0.001,resize_mini,0,0.4
1,VALIDATION,0.5,0.5454545454545454,0.6666666666666666,0.36363636363636365,0.49236596391733095,16,0.001,resize_mini,0,0.5
1,TEST,0.6,0.6153846153846154,0.6666666666666666,0.5384615384615384,0.599144689515278,16,0.001,resize_mini,0,0.5
2,VALIDATION,0.6,0.6,0.6666666666666666,0.5454545454545454,0.6030226891555273,16,0.001,resize_mini,0,0.5
2,TEST,0.4,0.4827586206896552,0.5833333333333334,0.23076923076923078,0.36689969285267143,16,0.001,resize_mini,0,0.5
3,VALIDATION,0.45,0.47619047619047616,0.5555555555555556,0.36363636363636365,0.44946657497549475,16,0.001,resize_mini,0,0.5
3,TEST,0.4,0.34782608695652173,0.3333333333333333,0.46153846153846156,0.3922322702763681,16,0.001,resize_mini,0,0.5
4,VALIDATION,0.6,0.5555555555555556,0.5555555555555556,0.6363636363636364,0.5945883900105632,16,0.001,resize_mini,0,0.5
4,TEST,0.44,0.36363636363636365,0.3333333333333333,0.5384615384615384,0.4236592728681617,16,0.001,resize_mini,0,0.5
5,VALIDATION,0.5,0.2857142857142857,0.2,0.8,0.4,16,0.001,resize_mini,0,0.5
5,TEST,0.52,0.0,0.0,0.9285714285714286,0.0,16,0.001,resize_mini,0,0.5
MEAN,VALIDATION,0.53,0.49258297258297257,0.528888888888889,0.5418181818181818,0.5078887236117832,16,0.001,resize_mini,0,0.5
MEAN,TEST,0.472,0.3619211373334312,0.3833333333333333,0.5395604395604396,0.35638718510249584,16,0.001,resize_mini,0,0.5
1,VALIDATION,0.6,0.6,0.6666666666666666,0.5454545454545454,0.6030226891555273,32,0.001,resize_mini,0,0.2
1,TEST,0.44,0.3,0.25,0.6153846153846154,0.3922322702763681,32,0.001,resize_mini,0,0.2
2,VALIDATION,0.5,0.5454545454545454,0.6666666666666666,0.36363636363636365,0.49236596391733095,32,0.001,resize_mini,0,0.2
2,TEST,0.36,0.38461538461538464,0.4166666666666667,0.3076923076923077,0.3580574370197165,32,0.001,resize_mini,0,0.2
3,VALIDATION,0.55,0.5263157894736842,0.5555555555555556,0.5454545454545454,0.5504818825631803,32,0.001,resize_mini,0,0.2
3,TEST,0.4,0.21052631578947367,0.16666666666666666,0.6153846153846154,0.32025630761017426,32,0.001,resize_mini,0,0.2
4,VALIDATION,0.65,0.5882352941176471,0.5555555555555556,0.7272727272727273,0.6356417261637283,32,0.001,resize_mini,0,0.2
4,TEST,0.48,0.38095238095238093,0.3333333333333333,0.6153846153846154,0.4529108136578383,32,0.001,resize_mini,0,0.2
5,VALIDATION,0.7,0.6666666666666666,0.6,0.8,0.6928203230275509,32,0.001,resize_mini,0,0.2
5,TEST,0.44,0.36363636363636365,0.36363636363636365,0.5,0.4264014327112209,32,0.001,resize_mini,0,0.2
MEAN,VALIDATION,0.6,0.5853344591425087,0.6088888888888889,0.5963636363636363,0.5948665169654636,32,0.001,resize_mini,0,0.2
MEAN,TEST,0.42400000000000004,0.3279460889987206,0.30606060606060603,0.5307692307692309,0.38997165225506364,32,0.001,resize_mini,0,0.2
1,VALIDATION,0.55,0.47058823529411764,0.4444444444444444,0.6363636363636364,0.5318160234783105,32,0.001,resize_mini,0,0.3
1,TEST,0.56,0.47619047619047616,0.4166666666666667,0.6923076923076923,0.5370861555295747,32,0.001,resize_mini,0,0.3
2,VALIDATION,0.55,0.47058823529411764,0.4444444444444444,0.6363636363636364,0.5318160234783105,32,0.001,resize_mini,0,0.3
2,TEST,0.32,0.2608695652173913,0.25,0.38461538461538464,0.31008683647302115,32,0.001,resize_mini,0,0.3
3,VALIDATION,0.6,0.5,0.4444444444444444,0.7272727272727273,0.5685352436149611,32,0.001,resize_mini,0,0.3
3,TEST,0.6,0.6428571428571429,0.75,0.46153846153846156,0.5883484054145521,32,0.001,resize_mini,0,0.3
4,VALIDATION,0.65,0.5882352941176471,0.5555555555555556,0.7272727272727273,0.6356417261637283,32,0.001,resize_mini,0,0.3
4,TEST,0.48,0.3157894736842105,0.25,0.6923076923076923,0.41602514716892186,32,0.001,resize_mini,0,0.3
5,VALIDATION,0.7,0.6666666666666666,0.6,0.8,0.6928203230275509,32,0.001,resize_mini,0,0.3
5,TEST,0.52,0.4,0.36363636363636365,0.6428571428571429,0.4834937784152282,32,0.001,resize_mini,0,0.3
MEAN,VALIDATION,0.61,0.5392156862745098,0.49777777777777776,0.7054545454545454,0.5921258679525723,32,0.001,resize_mini,0,0.3
MEAN,TEST,0.496,0.4191413315898441,0.40606060606060607,0.5747252747252747,0.46700806460025956,32,0.001,resize_mini,0,0.3
1,VALIDATION,0.6,0.42857142857142855,0.3333333333333333,0.8181818181818182,0.5222329678670935,32,0.001,resize_mini,0,0.4
1,TEST,0.64,0.47058823529411764,0.3333333333333333,0.9230769230769231,0.5547001962252291,32,0.001,resize_mini,0,0.4
2,VALIDATION,0.55,0.6086956521739131,0.7777777777777778,0.36363636363636365,0.5318160234783105,32,0.001,resize_mini,0,0.4
2,TEST,0.4,0.4827586206896552,0.5833333333333334,0.23076923076923078,0.36689969285267143,32,0.001,resize_mini,0,0.4
3,VALIDATION,0.5,0.5,0.5555555555555556,0.45454545454545453,0.502518907629606,32,0.001,resize_mini,0,0.4
3,TEST,0.48,0.5185185185185185,0.5833333333333334,0.38461538461538464,0.47366546671567095,32,0.001,resize_mini,0,0.4
4,VALIDATION,0.6,0.5555555555555556,0.5555555555555556,0.6363636363636364,0.5945883900105632,32,0.001,resize_mini,0,0.4
4,TEST,0.44,0.3,0.25,0.6153846153846154,0.3922322702763681,32,0.001,resize_mini,0,0.4
5,VALIDATION,0.6,0.6363636363636364,0.7,0.5,0.5916079783099616,32,0.001,resize_mini,0,0.4
5,TEST,0.52,0.5714285714285714,0.7272727272727273,0.35714285714285715,0.5096471914376256,32,0.001,resize_mini,0,0.4
MEAN,VALIDATION,0.5700000000000001,0.5458372545329067,0.5844444444444445,0.5545454545454546,0.548552853459107,32,0.001,resize_mini,0,0.4
MEAN,TEST,0.496,0.46865878918617254,0.4954545454545455,0.5021978021978023,0.459428963501513,32,0.001,resize_mini,0,0.4
1,VALIDATION,0.45,0.56,0.7777777777777778,0.18181818181818182,0.37605071654517747,32,0.001,resize_mini,0,0.5
1,TEST,0.36,0.5,0.6666666666666666,0.07692307692307693,0.22645540682891915,32,0.001,resize_mini,0,0.5
2,VALIDATION,0.55,0.5714285714285714,0.6666666666666666,0.45454545454545453,0.5504818825631803,32,0.001,resize_mini,0,0.5
2,TEST,0.4,0.4827586206896552,0.5833333333333334,0.23076923076923078,0.36689969285267143,32,0.001,resize_mini,0,0.5
3,VALIDATION,0.45,0.47619047619047616,0.5555555555555556,0.36363636363636365,0.44946657497549475,32,0.001,resize_mini,0,0.5
3,TEST,0.4,0.4,0.4166666666666667,0.38461538461538464,0.40032038451271784,32,0.001,resize_mini,0,0.5
4,VALIDATION,0.6,0.5555555555555556,0.5555555555555556,0.6363636363636364,0.5945883900105632,32,0.001,resize_mini,0,0.5
4,TEST,0.48,0.38095238095238093,0.3333333333333333,0.6153846153846154,0.4529108136578383,32,0.001,resize_mini,0,0.5
5,VALIDATION,0.65,0.6666666666666666,0.7,0.6,0.648074069840786,32,0.001,resize_mini,0,0.5
5,TEST,0.48,0.43478260869565216,0.45454545454545453,0.5,0.4767312946227962,32,0.001,resize_mini,0,0.5
MEAN,VALIDATION,0.5399999999999999,0.565968253968254,0.6511111111111111,0.44727272727272727,0.5237323267870403,32,0.001,resize_mini,0,0.5
MEAN,TEST,0.42400000000000004,0.4396987220675377,0.4909090909090909,0.36153846153846153,0.3846635184949886,32,0.001,resize_mini,0,0.5
